state,Gender,Year,Count
AK,F,1961,2693
AK,F,1962,2693
AK,F,1963,2706
AK,F,1964,2520
AK,F,1965,2286
AK,F,1966,2154
AK,F,1967,2112
AK,F,1968,2117
AK,F,1969,2405
AK,F,1970,2671
AK,F,1971,2455
AK,F,1972,2096
AK,F,1973,1975
AK,F,1974,1906
AK,F,1975,2160
AK,F,1976,2200
AK,F,1977,2422
AK,F,1978,2491
AK,F,1979,2679
AK,F,1980,2842
AK,F,1981,2940
AK,F,1982,3425
AK,F,1983,3799
AK,F,1984,3962
AK,F,1985,3983
AK,F,1986,3717
AK,F,1987,3575
AK,F,1988,3272
AK,F,1989,3532
AK,F,1990,3427
AK,F,1991,3349
AK,F,1992,3239
AK,F,1993,3023
AK,F,1994,2780
AK,F,1995,2618
AK,F,1996,2512
AK,F,1997,2532
AK,F,1998,2587
AK,F,1999,2357
AK,F,2000,2286
AK,F,2001,2335
AK,F,2002,2281
AK,F,2003,2226
AK,F,2004,2318
AK,F,2005,2298
AK,F,2006,2385
AK,F,2007,2347
AK,F,2008,2441
AK,F,2009,2333
AK,F,2010,2412
AK,F,2011,2521
AK,F,2012,2301
AK,F,2013,2439
AK,F,2014,2596
AK,F,2015,2432
AK,F,2016,2396
AK,F,2017,2238
AK,F,2018,2042
AK,F,2019,1933
AK,M,1961,3119
AK,M,1962,3175
AK,M,1963,3226
AK,M,1964,3120
AK,M,1965,2977
AK,M,1966,2837
AK,M,1967,2647
AK,M,1968,2732
AK,M,1969,2915
AK,M,1970,3177
AK,M,1971,3186
AK,M,1972,2697
AK,M,1973,2460
AK,M,1974,2679
AK,M,1975,2818
AK,M,1976,2994
AK,M,1977,3139
AK,M,1978,3344
AK,M,1979,3541
AK,M,1980,3677
AK,M,1981,4021
AK,M,1982,4497
AK,M,1983,4712
AK,M,1984,4999
AK,M,1985,5047
AK,M,1986,4758
AK,M,1987,4442
AK,M,1988,4318
AK,M,1989,4352
AK,M,1990,4415
AK,M,1991,4394
AK,M,1992,4294
AK,M,1993,3965
AK,M,1994,3758
AK,M,1995,3596
AK,M,1996,3559
AK,M,1997,3356
AK,M,1998,3318
AK,M,1999,3391
AK,M,2000,3321
AK,M,2001,3291
AK,M,2002,3198
AK,M,2003,3212
AK,M,2004,3276
AK,M,2005,3321
AK,M,2006,3341
AK,M,2007,3455
AK,M,2008,3510
AK,M,2009,3472
AK,M,2010,3445
AK,M,2011,3402
AK,M,2012,3358
AK,M,2013,3494
AK,M,2014,3502
AK,M,2015,3402
AK,M,2016,3281
AK,M,2017,3002
AK,M,2018,2915
AK,M,2019,2807
AL,F,1961,34339
AL,F,1962,33356
AL,F,1963,32067
AL,F,1964,32162
AL,F,1965,29498
AL,F,1966,27608
AL,F,1967,26730
AL,F,1968,26107
AL,F,1969,26152
AL,F,1970,27104
AL,F,1971,26575
AL,F,1972,24148
AL,F,1973,22967
AL,F,1974,22541
AL,F,1975,21849
AL,F,1976,21511
AL,F,1977,23006
AL,F,1978,21748
AL,F,1979,22912
AL,F,1980,22996
AL,F,1981,22731
AL,F,1982,21862
AL,F,1983,21767
AL,F,1984,21533
AL,F,1985,21786
AL,F,1986,21339
AL,F,1987,21536
AL,F,1988,21612
AL,F,1989,22664
AL,F,1990,22475
AL,F,1991,22066
AL,F,1992,21377
AL,F,1993,21346
AL,F,1994,20997
AL,F,1995,20747
AL,F,1996,20567
AL,F,1997,20735
AL,F,1998,20838
AL,F,1999,21091
AL,F,2000,21122
AL,F,2001,19964
AL,F,2002,19495
AL,F,2003,19640
AL,F,2004,19365
AL,F,2005,19726
AL,F,2006,20369
AL,F,2007,21328
AL,F,2008,20956
AL,F,2009,19989
AL,F,2010,18889
AL,F,2011,18654
AL,F,2012,18433
AL,F,2013,18645
AL,F,2014,19316
AL,F,2015,19625
AL,F,2016,19332
AL,F,2017,19122
AL,F,2018,18646
AL,F,2019,18740
AL,M,1961,37445
AL,M,1962,36386
AL,M,1963,35031
AL,M,1964,35066
AL,M,1965,32476
AL,M,1966,30524
AL,M,1967,29335
AL,M,1968,28999
AL,M,1969,29500
AL,M,1970,30881
AL,M,1971,30173
AL,M,1972,27652
AL,M,1973,26613
AL,M,1974,26427
AL,M,1975,25506
AL,M,1976,25141
AL,M,1977,26820
AL,M,1978,25815
AL,M,1979,27004
AL,M,1980,27453
AL,M,1981,26351
AL,M,1982,26075
AL,M,1983,25586
AL,M,1984,25356
AL,M,1985,25567
AL,M,1986,25289
AL,M,1987,25325
AL,M,1988,25822
AL,M,1989,27027
AL,M,1990,27112
AL,M,1991,26383
AL,M,1992,26354
AL,M,1993,25902
AL,M,1994,25162
AL,M,1995,24683
AL,M,1996,25053
AL,M,1997,24574
AL,M,1998,25220
AL,M,1999,24940
AL,M,2000,25297
AL,M,2001,24124
AL,M,2002,23176
AL,M,2003,23633
AL,M,2004,23525
AL,M,2005,23715
AL,M,2006,25248
AL,M,2007,25060
AL,M,2008,25080
AL,M,2009,24126
AL,M,2010,23333
AL,M,2011,22896
AL,M,2012,22170
AL,M,2013,22344
AL,M,2014,23072
AL,M,2015,23126
AL,M,2016,23039
AL,M,2017,22785
AL,M,2018,22530
AL,M,2019,22511
AR,F,1961,17486
AR,F,1962,17625
AR,F,1963,17491
AR,F,1964,17406
AR,F,1965,14932
AR,F,1966,13949
AR,F,1967,13448
AR,F,1968,12999
AR,F,1969,13517
AR,F,1970,13623
AR,F,1971,13908
AR,F,1972,13094
AR,F,1973,12456
AR,F,1974,12816
AR,F,1975,12638
AR,F,1976,12395
AR,F,1977,12994
AR,F,1978,12582
AR,F,1979,12968
AR,F,1980,13508
AR,F,1981,12709
AR,F,1982,12767
AR,F,1983,12948
AR,F,1984,12774
AR,F,1985,12703
AR,F,1986,12415
AR,F,1987,12265
AR,F,1988,12358
AR,F,1989,12495
AR,F,1990,12626
AR,F,1991,12041
AR,F,1992,11855
AR,F,1993,11591
AR,F,1994,11405
AR,F,1995,11600
AR,F,1996,11696
AR,F,1997,11477
AR,F,1998,11899
AR,F,1999,11782
AR,F,2000,12159
AR,F,2001,11663
AR,F,2002,11820
AR,F,2003,11911
AR,F,2004,12038
AR,F,2005,12295
AR,F,2006,12466
AR,F,2007,12471
AR,F,2008,12207
AR,F,2009,11783
AR,F,2010,11320
AR,F,2011,11485
AR,F,2012,11362
AR,F,2013,11266
AR,F,2014,11578
AR,F,2015,11767
AR,F,2016,11215
AR,F,2017,11169
AR,F,2018,10937
AR,F,2019,10661
AR,M,1961,19537
AR,M,1962,19584
AR,M,1963,19451
AR,M,1964,19059
AR,M,1965,16971
AR,M,1966,15760
AR,M,1967,15056
AR,M,1968,14926
AR,M,1969,15265
AR,M,1970,16051
AR,M,1971,15947
AR,M,1972,14968
AR,M,1973,15020
AR,M,1974,15549
AR,M,1975,14896
AR,M,1976,14841
AR,M,1977,15432
AR,M,1978,14746
AR,M,1979,15945
AR,M,1980,16228
AR,M,1981,15289
AR,M,1982,15364
AR,M,1983,15165
AR,M,1984,15179
AR,M,1985,15264
AR,M,1986,14760
AR,M,1987,14951
AR,M,1988,14690
AR,M,1989,15335
AR,M,1990,15477
AR,M,1991,14958
AR,M,1992,14325
AR,M,1993,14274
AR,M,1994,13867
AR,M,1995,13873
AR,M,1996,14513
AR,M,1997,14659
AR,M,1998,14444
AR,M,1999,14358
AR,M,2000,14889
AR,M,2001,14649
AR,M,2002,14642
AR,M,2003,14817
AR,M,2004,15040
AR,M,2005,15056
AR,M,2006,15607
AR,M,2007,15830
AR,M,2008,15200
AR,M,2009,14998
AR,M,2010,14400
AR,M,2011,14474
AR,M,2012,14246
AR,M,2013,14207
AR,M,2014,14549
AR,M,2015,14586
AR,M,2016,14309
AR,M,2017,13615
AR,M,2018,13415
AR,M,2019,13085
AZ,F,1961,15337
AZ,F,1962,15454
AZ,F,1963,15052
AZ,F,1964,14621
AZ,F,1965,13396
AZ,F,1966,12795
AZ,F,1967,12725
AZ,F,1968,12934
AZ,F,1969,13427
AZ,F,1970,14949
AZ,F,1971,15091
AZ,F,1972,14478
AZ,F,1973,14783
AZ,F,1974,15368
AZ,F,1975,15166
AZ,F,1976,15262
AZ,F,1977,15957
AZ,F,1978,16382
AZ,F,1979,17864
AZ,F,1980,19288
AZ,F,1981,19957
AZ,F,1982,20166
AZ,F,1983,20390
AZ,F,1984,21106
AZ,F,1985,22994
AZ,F,1986,23426
AZ,F,1987,24425
AZ,F,1988,25182
AZ,F,1989,25427
AZ,F,1990,26253
AZ,F,1991,25801
AZ,F,1992,26192
AZ,F,1993,26274
AZ,F,1994,27042
AZ,F,1995,27282
AZ,F,1996,28459
AZ,F,1997,28067
AZ,F,1998,29208
AZ,F,1999,30442
AZ,F,2000,31935
AZ,F,2001,32015
AZ,F,2002,32448
AZ,F,2003,33703
AZ,F,2004,34409
AZ,F,2005,35501
AZ,F,2006,38229
AZ,F,2007,37915
AZ,F,2008,36455
AZ,F,2009,33447
AZ,F,2010,31508
AZ,F,2011,30430
AZ,F,2012,30909
AZ,F,2013,30643
AZ,F,2014,31607
AZ,F,2015,30784
AZ,F,2016,30792
AZ,F,2017,29889
AZ,F,2018,29140
AZ,F,2019,28157
AZ,M,1961,16946
AZ,M,1962,16913
AZ,M,1963,16611
AZ,M,1964,16274
AZ,M,1965,15226
AZ,M,1966,14296
AZ,M,1967,14441
AZ,M,1968,14482
AZ,M,1969,15521
AZ,M,1970,16989
AZ,M,1971,17468
AZ,M,1972,16966
AZ,M,1973,17239
AZ,M,1974,18030
AZ,M,1975,17510
AZ,M,1976,17887
AZ,M,1977,18632
AZ,M,1978,19033
AZ,M,1979,20977
AZ,M,1980,22561
AZ,M,1981,23199
AZ,M,1982,23648
AZ,M,1983,23779
AZ,M,1984,24845
AZ,M,1985,26463
AZ,M,1986,27223
AZ,M,1987,28380
AZ,M,1988,29451
AZ,M,1989,30269
AZ,M,1990,30762
AZ,M,1991,30392
AZ,M,1992,31219
AZ,M,1993,30760
AZ,M,1994,31916
AZ,M,1995,32470
AZ,M,1996,33517
AZ,M,1997,34342
AZ,M,1998,34839
AZ,M,1999,36178
AZ,M,2000,37909
AZ,M,2001,37822
AZ,M,2002,38907
AZ,M,2003,40079
AZ,M,2004,41334
AZ,M,2005,42428
AZ,M,2006,45262
AZ,M,2007,45244
AZ,M,2008,43354
AZ,M,2009,39870
AZ,M,2010,37222
AZ,M,2011,36587
AZ,M,2012,36925
AZ,M,2013,36696
AZ,M,2014,37479
AZ,M,2015,36851
AZ,M,2016,35885
AZ,M,2017,34433
AZ,M,2018,33958
AZ,M,2019,32933
CA,F,1961,175044
CA,F,1962,173453
CA,F,1963,174108
CA,F,1964,171878
CA,F,1965,161656
CA,F,1966,153733
CA,F,1967,152927
CA,F,1968,153791
CA,F,1969,159869
CA,F,1970,164021
CA,F,1971,148392
CA,F,1972,137059
CA,F,1973,130780
CA,F,1974,136618
CA,F,1975,138445
CA,F,1976,143862
CA,F,1977,149562
CA,F,1978,153317
CA,F,1979,163305
CA,F,1980,173686
CA,F,1981,181263
CA,F,1982,185717
CA,F,1983,187692
CA,F,1984,192573
CA,F,1985,202215
CA,F,1986,207648
CA,F,1987,215081
CA,F,1988,228372
CA,F,1989,243962
CA,F,1990,262367
CA,F,1991,261477
CA,F,1992,256719
CA,F,1993,249555
CA,F,1994,242463
CA,F,1995,234560
CA,F,1996,229758
CA,F,1997,222822
CA,F,1998,220978
CA,F,1999,219034
CA,F,2000,223774
CA,F,2001,222241
CA,F,2002,222685
CA,F,2003,226595
CA,F,2004,228745
CA,F,2005,230338
CA,F,2006,234675
CA,F,2007,236164
CA,F,2008,229223
CA,F,2009,218190
CA,F,2010,210863
CA,F,2011,207477
CA,F,2012,208915
CA,F,2013,204918
CA,F,2014,209391
CA,F,2015,205067
CA,F,2016,203306
CA,F,2017,195288
CA,F,2018,188786
CA,F,2019,183036
CA,M,1961,188876
CA,M,1962,187005
CA,M,1963,187803
CA,M,1964,183510
CA,M,1965,174914
CA,M,1966,165709
CA,M,1967,165901
CA,M,1968,167249
CA,M,1969,173838
CA,M,1970,178413
CA,M,1971,161637
CA,M,1972,150187
CA,M,1973,144258
CA,M,1974,150342
CA,M,1975,152082
CA,M,1976,158682
CA,M,1977,165440
CA,M,1978,168907
CA,M,1979,179731
CA,M,1980,192255
CA,M,1981,200855
CA,M,1982,204831
CA,M,1983,206878
CA,M,1984,212332
CA,M,1985,223317
CA,M,1986,228251
CA,M,1987,238708
CA,M,1988,252150
CA,M,1989,268626
CA,M,1990,290174
CA,M,1991,287788
CA,M,1992,284261
CA,M,1993,275369
CA,M,1994,266794
CA,M,1995,260048
CA,M,1996,253516
CA,M,1997,245560
CA,M,1998,243293
CA,M,1999,241773
CA,M,2000,247826
CA,M,2001,244636
CA,M,2002,245001
CA,M,2003,250964
CA,M,2004,252049
CA,M,2005,254072
CA,M,2006,260207
CA,M,2007,261388
CA,M,2008,254044
CA,M,2009,242028
CA,M,2010,233659
CA,M,2011,230194
CA,M,2012,230301
CA,M,2013,226831
CA,M,2014,231035
CA,M,2015,225940
CA,M,2016,223260
CA,M,2017,215178
CA,M,2018,205766
CA,M,2019,201424
CO,F,1961,19877
CO,F,1962,19174
CO,F,1963,18854
CO,F,1964,17736
CO,F,1965,15900
CO,F,1966,15163
CO,F,1967,15247
CO,F,1968,15560
CO,F,1969,16326
CO,F,1970,17217
CO,F,1971,16479
CO,F,1972,15737
CO,F,1973,15653
CO,F,1974,15677
CO,F,1975,15790
CO,F,1976,16218
CO,F,1977,17069
CO,F,1978,17300
CO,F,1979,18661
CO,F,1980,19698
CO,F,1981,20772
CO,F,1982,22050
CO,F,1983,21816
CO,F,1984,21646
CO,F,1985,21957
CO,F,1986,21838
CO,F,1987,20990
CO,F,1988,20863
CO,F,1989,20589
CO,F,1990,20763
CO,F,1991,20820
CO,F,1992,21127
CO,F,1993,20265
CO,F,1994,20225
CO,F,1995,20269
CO,F,1996,20971
CO,F,1997,20950
CO,F,1998,22251
CO,F,1999,23062
CO,F,2000,24073
CO,F,2001,24453
CO,F,2002,24838
CO,F,2003,25225
CO,F,2004,24691
CO,F,2005,24715
CO,F,2006,25309
CO,F,2007,24847
CO,F,2008,24472
CO,F,2009,23816
CO,F,2010,22837
CO,F,2011,22374
CO,F,2012,22383
CO,F,2013,22701
CO,F,2014,23194
CO,F,2015,23359
CO,F,2016,23508
CO,F,2017,22561
CO,F,2018,22208
CO,F,2019,21859
CO,M,1961,21974
CO,M,1962,21575
CO,M,1963,20936
CO,M,1964,20132
CO,M,1965,18017
CO,M,1966,16634
CO,M,1967,17416
CO,M,1968,17829
CO,M,1969,18581
CO,M,1970,19800
CO,M,1971,19050
CO,M,1972,18132
CO,M,1973,18105
CO,M,1974,18212
CO,M,1975,18692
CO,M,1976,18821
CO,M,1977,19656
CO,M,1978,20190
CO,M,1979,21801
CO,M,1980,22850
CO,M,1981,23872
CO,M,1982,25173
CO,M,1983,25135
CO,M,1984,24908
CO,M,1985,25190
CO,M,1986,25190
CO,M,1987,24576
CO,M,1988,24139
CO,M,1989,24179
CO,M,1990,24438
CO,M,1991,24257
CO,M,1992,24672
CO,M,1993,24321
CO,M,1994,24297
CO,M,1995,24424
CO,M,1996,24830
CO,M,1997,24997
CO,M,1998,26170
CO,M,1999,27279
CO,M,2000,28416
CO,M,2001,29167
CO,M,2002,29970
CO,M,2003,30276
CO,M,2004,29620
CO,M,2005,29970
CO,M,2006,30255
CO,M,2007,30028
CO,M,2008,29661
CO,M,2009,28724
CO,M,2010,27490
CO,M,2011,27067
CO,M,2012,27126
CO,M,2013,26802
CO,M,2014,27246
CO,M,2015,27632
CO,M,2016,27516
CO,M,2017,26382
CO,M,2018,25712
CO,M,2019,25654
CT,F,1961,24537
CT,F,1962,23681
CT,F,1963,24301
CT,F,1964,24212
CT,F,1965,23012
CT,F,1966,22036
CT,F,1967,20854
CT,F,1968,20349
CT,F,1969,20956
CT,F,1970,20774
CT,F,1971,18457
CT,F,1972,15830
CT,F,1973,14702
CT,F,1974,14230
CT,F,1975,13827
CT,F,1976,13709
CT,F,1977,14249
CT,F,1978,14189
CT,F,1979,14706
CT,F,1980,14894
CT,F,1981,15410
CT,F,1982,15763
CT,F,1983,15801
CT,F,1984,16348
CT,F,1985,17033
CT,F,1986,17328
CT,F,1987,18239
CT,F,1988,18746
CT,F,1989,19120
CT,F,1990,19088
CT,F,1991,18533
CT,F,1992,17860
CT,F,1993,17740
CT,F,1994,17066
CT,F,1995,16429
CT,F,1996,16301
CT,F,1997,15432
CT,F,1998,15534
CT,F,1999,15338
CT,F,2000,15167
CT,F,2001,14909
CT,F,2002,14637
CT,F,2003,14782
CT,F,2004,14348
CT,F,2005,14235
CT,F,2006,13743
CT,F,2007,13829
CT,F,2008,13007
CT,F,2009,12609
CT,F,2010,12205
CT,F,2011,12050
CT,F,2012,11696
CT,F,2013,11736
CT,F,2014,12079
CT,F,2015,12026
CT,F,2016,12307
CT,F,2017,11755
CT,F,2018,11542
CT,F,2019,11582
CT,M,1961,26578
CT,M,1962,25960
CT,M,1963,26083
CT,M,1964,26269
CT,M,1965,25019
CT,M,1966,23843
CT,M,1967,22957
CT,M,1968,22450
CT,M,1969,22660
CT,M,1970,23148
CT,M,1971,20639
CT,M,1972,17846
CT,M,1973,16749
CT,M,1974,16583
CT,M,1975,16291
CT,M,1976,15862
CT,M,1977,15993
CT,M,1978,16461
CT,M,1979,17306
CT,M,1980,17397
CT,M,1981,17831
CT,M,1982,18075
CT,M,1983,18627
CT,M,1984,19165
CT,M,1985,19931
CT,M,1986,20317
CT,M,1987,21362
CT,M,1988,21698
CT,M,1989,22156
CT,M,1990,22558
CT,M,1991,21574
CT,M,1992,20929
CT,M,1993,20333
CT,M,1994,19757
CT,M,1995,19315
CT,M,1996,19207
CT,M,1997,18458
CT,M,1998,18616
CT,M,1999,18221
CT,M,2000,18181
CT,M,2001,18005
CT,M,2002,17698
CT,M,2003,17825
CT,M,2004,17389
CT,M,2005,16775
CT,M,2006,16832
CT,M,2007,16586
CT,M,2008,16152
CT,M,2009,15293
CT,M,2010,14668
CT,M,2011,14620
CT,M,2012,14348
CT,M,2013,14293
CT,M,2014,14624
CT,M,2015,14394
CT,M,2016,14086
CT,M,2017,14015
CT,M,2018,13851
CT,M,2019,13183
DC,F,1961,13219
DC,F,1962,13067
DC,F,1963,12833
DC,F,1964,12466
DC,F,1965,11696
DC,F,1966,11010
DC,F,1967,10588
DC,F,1968,10076
DC,F,1969,10202
DC,F,1970,9973
DC,F,1971,8797
DC,F,1972,7403
DC,F,1973,6389
DC,F,1974,5849
DC,F,1975,5891
DC,F,1976,5816
DC,F,1977,6050
DC,F,1978,5531
DC,F,1979,5558
DC,F,1980,5624
DC,F,1981,5774
DC,F,1982,5740
DC,F,1983,5721
DC,F,1984,5679
DC,F,1985,5688
DC,F,1986,5639
DC,F,1987,5694
DC,F,1988,6192
DC,F,1989,1540
DC,F,1990,4646
DC,F,1991,5855
DC,F,1992,5266
DC,F,1993,5037
DC,F,1994,4636
DC,F,1995,4028
DC,F,1996,3573
DC,F,1997,3460
DC,F,1998,3514
DC,F,1999,3425
DC,F,2000,3543
DC,F,2001,3619
DC,F,2002,3488
DC,F,2003,3371
DC,F,2004,3511
DC,F,2005,3133
DC,F,2006,3293
DC,F,2007,3302
DC,F,2008,3196
DC,F,2009,3000
DC,F,2010,2972
DC,F,2011,2935
DC,F,2012,3188
DC,F,2013,3327
DC,F,2014,3461
DC,F,2015,3550
DC,F,2016,3570
DC,F,2017,3466
DC,F,2018,3036
DC,F,2019,3176
DC,M,1961,14848
DC,M,1962,14470
DC,M,1963,14680
DC,M,1964,14101
DC,M,1965,12925
DC,M,1966,12519
DC,M,1967,12263
DC,M,1968,11861
DC,M,1969,11968
DC,M,1970,12126
DC,M,1971,10791
DC,M,1972,9339
DC,M,1973,8350
DC,M,1974,7924
DC,M,1975,7674
DC,M,1976,7667
DC,M,1977,7909
DC,M,1978,7675
DC,M,1979,7895
DC,M,1980,7891
DC,M,1981,7951
DC,M,1982,7754
DC,M,1983,7556
DC,M,1984,7566
DC,M,1985,7717
DC,M,1986,7500
DC,M,1987,8010
DC,M,1988,8297
DC,M,1989,13133
DC,M,1990,9281
DC,M,1991,7898
DC,M,1992,7486
DC,M,1993,6868
DC,M,1994,6298
DC,M,1995,5529
DC,M,1996,4993
DC,M,1997,4977
DC,M,1998,4936
DC,M,1999,4688
DC,M,2000,4868
DC,M,2001,4622
DC,M,2002,4699
DC,M,2003,4641
DC,M,2004,4628
DC,M,2005,4383
DC,M,2006,4671
DC,M,2007,4561
DC,M,2008,4237
DC,M,2009,4245
DC,M,2010,3902
DC,M,2011,4044
DC,M,2012,4129
DC,M,2013,4293
DC,M,2014,4206
DC,M,2015,4372
DC,M,2016,4470
DC,M,2017,4314
DC,M,2018,3939
DC,M,2019,3716
DE,F,1961,4603
DE,F,1962,4368
DE,F,1963,4404
DE,F,1964,4294
DE,F,1965,3956
DE,F,1966,3743
DE,F,1967,3695
DE,F,1968,3593
DE,F,1969,3643
DE,F,1970,3764
DE,F,1971,3466
DE,F,1972,3067
DE,F,1973,2697
DE,F,1974,2735
DE,F,1975,2719
DE,F,1976,2582
DE,F,1977,2789
DE,F,1978,2779
DE,F,1979,2762
DE,F,1980,3052
DE,F,1981,3003
DE,F,1982,2983
DE,F,1983,2919
DE,F,1984,3034
DE,F,1985,3062
DE,F,1986,3178
DE,F,1987,3423
DE,F,1988,3501
DE,F,1989,3688
DE,F,1990,3706
DE,F,1991,3733
DE,F,1992,3568
DE,F,1993,3337
DE,F,1994,3353
DE,F,1995,3188
DE,F,1996,3164
DE,F,1997,3031
DE,F,1998,3144
DE,F,1999,3107
DE,F,2000,3038
DE,F,2001,3023
DE,F,2002,3035
DE,F,2003,3189
DE,F,2004,3079
DE,F,2005,3100
DE,F,2006,3139
DE,F,2007,2998
DE,F,2008,2887
DE,F,2009,2742
DE,F,2010,2673
DE,F,2011,2756
DE,F,2012,2656
DE,F,2013,2568
DE,F,2014,2810
DE,F,2015,2750
DE,F,2016,2615
DE,F,2017,2516
DE,F,2018,2466
DE,F,2019,2350
DE,M,1961,5227
DE,M,1962,4960
DE,M,1963,5056
DE,M,1964,4962
DE,M,1965,4558
DE,M,1966,4337
DE,M,1967,4179
DE,M,1968,4230
DE,M,1969,4367
DE,M,1970,4473
DE,M,1971,4254
DE,M,1972,3683
DE,M,1973,3367
DE,M,1974,3382
DE,M,1975,3309
DE,M,1976,3274
DE,M,1977,3401
DE,M,1978,3560
DE,M,1979,3718
DE,M,1980,3793
DE,M,1981,3801
DE,M,1982,3907
DE,M,1983,3894
DE,M,1984,3902
DE,M,1985,4026
DE,M,1986,3969
DE,M,1987,4115
DE,M,1988,4423
DE,M,1989,4696
DE,M,1990,4914
DE,M,1991,4684
DE,M,1992,4410
DE,M,1993,4228
DE,M,1994,4166
DE,M,1995,4014
DE,M,1996,3835
DE,M,1997,3918
DE,M,1998,3877
DE,M,1999,4003
DE,M,2000,4217
DE,M,2001,3884
DE,M,2002,4093
DE,M,2003,4135
DE,M,2004,4105
DE,M,2005,4062
DE,M,2006,3952
DE,M,2007,4100
DE,M,2008,3948
DE,M,2009,3773
DE,M,2010,3618
DE,M,2011,3645
DE,M,2012,3545
DE,M,2013,3519
DE,M,2014,3609
DE,M,2015,3486
DE,M,2016,3545
DE,M,2017,3428
DE,M,2018,3198
DE,M,2019,3190
FL,F,1961,50036
FL,F,1962,49212
FL,F,1963,48518
FL,F,1964,48022
FL,F,1965,44410
FL,F,1966,42881
FL,F,1967,41415
FL,F,1968,42253
FL,F,1969,44389
FL,F,1970,47623
FL,F,1971,47755
FL,F,1972,44493
FL,F,1973,42950
FL,F,1974,43699
FL,F,1975,41354
FL,F,1976,40975
FL,F,1977,43213
FL,F,1978,44032
FL,F,1979,46878
FL,F,1980,51620
FL,F,1981,54096
FL,F,1982,56709
FL,F,1983,58853
FL,F,1984,61664
FL,F,1985,65244
FL,F,1986,66438
FL,F,1987,69403
FL,F,1988,72890
FL,F,1989,77011
FL,F,1990,79099
FL,F,1991,76335
FL,F,1992,75050
FL,F,1993,74448
FL,F,1994,74511
FL,F,1995,72847
FL,F,1996,72715
FL,F,1997,73345
FL,F,1998,74265
FL,F,1999,74700
FL,F,2000,77290
FL,F,2001,77320
FL,F,2002,77005
FL,F,2003,79806
FL,F,2004,81980
FL,F,2005,85675
FL,F,2006,89075
FL,F,2007,89240
FL,F,2008,86019
FL,F,2009,82269
FL,F,2010,79517
FL,F,2011,79447
FL,F,2012,79508
FL,F,2013,81021
FL,F,2014,83594
FL,F,2015,85804
FL,F,2016,86510
FL,F,2017,85715
FL,F,2018,84768
FL,F,2019,84021
FL,M,1961,54975
FL,M,1962,54183
FL,M,1963,53499
FL,M,1964,52682
FL,M,1965,49570
FL,M,1966,47716
FL,M,1967,46569
FL,M,1968,47494
FL,M,1969,50317
FL,M,1970,53784
FL,M,1971,53839
FL,M,1972,50528
FL,M,1973,49536
FL,M,1974,50697
FL,M,1975,48030
FL,M,1976,47219
FL,M,1977,50062
FL,M,1978,51062
FL,M,1979,54792
FL,M,1980,59782
FL,M,1981,62995
FL,M,1982,66078
FL,M,1983,68134
FL,M,1984,71227
FL,M,1985,74618
FL,M,1986,76402
FL,M,1987,79494
FL,M,1988,84394
FL,M,1989,89298
FL,M,1990,91649
FL,M,1991,88992
FL,M,1992,87454
FL,M,1993,87759
FL,M,1994,85413
FL,M,1995,84873
FL,M,1996,84863
FL,M,1997,85860
FL,M,1998,86668
FL,M,1999,86823
FL,M,2000,89272
FL,M,2001,89802
FL,M,2002,89964
FL,M,2003,93443
FL,M,2004,95587
FL,M,2005,98966
FL,M,2006,103321
FL,M,2007,104117
FL,M,2008,100450
FL,M,2009,95217
FL,M,2010,92569
FL,M,2011,91935
FL,M,2012,91854
FL,M,2013,93262
FL,M,2014,95842
FL,M,2015,98148
FL,M,2016,97720
FL,M,2017,96382
FL,M,2018,95520
FL,M,2019,94110
GA,F,1961,44537
GA,F,1962,43673
GA,F,1963,43616
GA,F,1964,43875
GA,F,1965,40842
GA,F,1966,38685
GA,F,1967,36878
GA,F,1968,37654
GA,F,1969,38183
GA,F,1970,40422
GA,F,1971,38843
GA,F,1972,35975
GA,F,1973,34077
GA,F,1974,33001
GA,F,1975,30985
GA,F,1976,30887
GA,F,1977,32849
GA,F,1978,32239
GA,F,1979,33616
GA,F,1980,35291
GA,F,1981,34825
GA,F,1982,34886
GA,F,1983,35109
GA,F,1984,35690
GA,F,1985,37108
GA,F,1986,37677
GA,F,1987,39190
GA,F,1988,40110
GA,F,1989,41842
GA,F,1990,42665
GA,F,1991,41855
GA,F,1992,41292
GA,F,1993,40470
GA,F,1994,40747
GA,F,1995,40930
GA,F,1996,41506
GA,F,1997,42756
GA,F,1998,44534
GA,F,1999,45729
GA,F,2000,48051
GA,F,2001,48229
GA,F,2002,48403
GA,F,2003,49734
GA,F,2004,50511
GA,F,2005,51362
GA,F,2006,53810
GA,F,2007,54191
GA,F,2008,52777
GA,F,2009,50672
GA,F,2010,47904
GA,F,2011,47663
GA,F,2012,47245
GA,F,2013,46479
GA,F,2014,48120
GA,F,2015,48571
GA,F,2016,47902
GA,F,2017,46977
GA,F,2018,46064
GA,F,2019,46016
GA,M,1961,47816
GA,M,1962,46900
GA,M,1963,46991
GA,M,1964,47694
GA,M,1965,44703
GA,M,1966,42199
GA,M,1967,40851
GA,M,1968,40972
GA,M,1969,42794
GA,M,1970,45127
GA,M,1971,43862
GA,M,1972,40567
GA,M,1973,39138
GA,M,1974,38141
GA,M,1975,36451
GA,M,1976,35658
GA,M,1977,37885
GA,M,1978,37814
GA,M,1979,39329
GA,M,1980,41219
GA,M,1981,40305
GA,M,1982,40594
GA,M,1983,40539
GA,M,1984,41710
GA,M,1985,43194
GA,M,1986,44181
GA,M,1987,45549
GA,M,1988,46701
GA,M,1989,49464
GA,M,1990,50153
GA,M,1991,48636
GA,M,1992,48744
GA,M,1993,48095
GA,M,1994,48047
GA,M,1995,48410
GA,M,1996,48434
GA,M,1997,50182
GA,M,1998,51578
GA,M,1999,53795
GA,M,2000,55390
GA,M,2001,55579
GA,M,2002,55798
GA,M,2003,57139
GA,M,2004,58311
GA,M,2005,59694
GA,M,2006,62401
GA,M,2007,63037
GA,M,2008,61139
GA,M,2009,58985
GA,M,2010,55821
GA,M,2011,54898
GA,M,2012,53938
GA,M,2013,53602
GA,M,2014,54897
GA,M,2015,54831
GA,M,2016,53636
GA,M,2017,53512
GA,M,2018,51999
GA,M,2019,51543
HI,F,1961,6098
HI,F,1962,6371
HI,F,1963,6080
HI,F,1964,5794
HI,F,1965,5437
HI,F,1966,4903
HI,F,1967,4753
HI,F,1968,4575
HI,F,1969,4950
HI,F,1970,5167
HI,F,1971,4723
HI,F,1972,4451
HI,F,1973,4536
HI,F,1974,4483
HI,F,1975,4522
HI,F,1976,4632
HI,F,1977,4667
HI,F,1978,4557
HI,F,1979,4761
HI,F,1980,5034
HI,F,1981,4863
HI,F,1982,5133
HI,F,1983,5381
HI,F,1984,5264
HI,F,1985,4904
HI,F,1986,4876
HI,F,1987,4848
HI,F,1988,4974
HI,F,1989,5049
HI,F,1990,5452
HI,F,1991,5045
HI,F,1992,4799
HI,F,1993,4732
HI,F,1994,4670
HI,F,1995,4397
HI,F,1996,4190
HI,F,1997,3743
HI,F,1998,3800
HI,F,1999,3487
HI,F,2000,3599
HI,F,2001,3436
HI,F,2002,3259
HI,F,2003,3524
HI,F,2004,3663
HI,F,2005,3313
HI,F,2006,3601
HI,F,2007,3415
HI,F,2008,3533
HI,F,2009,3366
HI,F,2010,3230
HI,F,2011,3352
HI,F,2012,3374
HI,F,2013,3260
HI,F,2014,3234
HI,F,2015,3406
HI,F,2016,3122
HI,F,2017,2904
HI,F,2018,2882
HI,F,2019,2747
HI,M,1961,7467
HI,M,1962,7565
HI,M,1963,7332
HI,M,1964,7153
HI,M,1965,6690
HI,M,1966,6060
HI,M,1967,6029
HI,M,1968,5864
HI,M,1969,6416
HI,M,1970,6646
HI,M,1971,6231
HI,M,1972,6044
HI,M,1973,5863
HI,M,1974,5947
HI,M,1975,6047
HI,M,1976,6195
HI,M,1977,6341
HI,M,1978,6349
HI,M,1979,6448
HI,M,1980,6917
HI,M,1981,6823
HI,M,1982,6974
HI,M,1983,7294
HI,M,1984,7050
HI,M,1985,6840
HI,M,1986,6491
HI,M,1987,6744
HI,M,1988,6755
HI,M,1989,6902
HI,M,1990,7208
HI,M,1991,6958
HI,M,1992,6841
HI,M,1993,6520
HI,M,1994,6382
HI,M,1995,5932
HI,M,1996,5698
HI,M,1997,5266
HI,M,1998,5171
HI,M,1999,5015
HI,M,2000,5186
HI,M,2001,4695
HI,M,2002,5093
HI,M,2003,5134
HI,M,2004,5016
HI,M,2005,4778
HI,M,2006,5100
HI,M,2007,4904
HI,M,2008,5004
HI,M,2009,4603
HI,M,2010,4803
HI,M,2011,4799
HI,M,2012,4662
HI,M,2013,4834
HI,M,2014,4721
HI,M,2015,4501
HI,M,2016,4578
HI,M,2017,4222
HI,M,2018,3824
HI,M,2019,3853
IA,F,1961,28315
IA,F,1962,27348
IA,F,1963,25338
IA,F,1964,24147
IA,F,1965,22136
IA,F,1966,21080
IA,F,1967,20646
IA,F,1968,20097
IA,F,1969,20366
IA,F,1970,20888
IA,F,1971,19283
IA,F,1972,17435
IA,F,1973,16297
IA,F,1974,16835
IA,F,1975,17301
IA,F,1976,17559
IA,F,1977,18938
IA,F,1978,18590
IA,F,1979,19700
IA,F,1980,20083
IA,F,1981,19410
IA,F,1982,18817
IA,F,1983,18381
IA,F,1984,17772
IA,F,1985,17248
IA,F,1986,15950
IA,F,1987,15631
IA,F,1988,15639
IA,F,1989,15857
IA,F,1990,15974
IA,F,1991,15507
IA,F,1992,15272
IA,F,1993,14883
IA,F,1994,14268
IA,F,1995,14183
IA,F,1996,14288
IA,F,1997,13718
IA,F,1998,14059
IA,F,1999,13747
IA,F,2000,14173
IA,F,2001,13719
IA,F,2002,13488
IA,F,2003,13698
IA,F,2004,13568
IA,F,2005,13668
IA,F,2006,14069
IA,F,2007,13923
IA,F,2008,13502
IA,F,2009,13196
IA,F,2010,12838
IA,F,2011,12415
IA,F,2012,12501
IA,F,2013,12732
IA,F,2014,12906
IA,F,2015,12852
IA,F,2016,12940
IA,F,2017,12378
IA,F,2018,12191
IA,F,2019,12037
IA,M,1961,30247
IA,M,1962,29079
IA,M,1963,28074
IA,M,1964,26903
IA,M,1965,24782
IA,M,1966,23656
IA,M,1967,22671
IA,M,1968,22541
IA,M,1969,22668
IA,M,1970,23147
IA,M,1971,21505
IA,M,1972,19163
IA,M,1973,18161
IA,M,1974,19075
IA,M,1975,19631
IA,M,1976,19586
IA,M,1977,21112
IA,M,1978,21083
IA,M,1979,22166
IA,M,1980,22585
IA,M,1981,21817
IA,M,1982,21262
IA,M,1983,20441
IA,M,1984,20136
IA,M,1985,19357
IA,M,1986,18130
IA,M,1987,17706
IA,M,1988,17691
IA,M,1989,18226
IA,M,1990,18521
IA,M,1991,17940
IA,M,1992,17549
IA,M,1993,17533
IA,M,1994,16955
IA,M,1995,16352
IA,M,1996,16600
IA,M,1997,16255
IA,M,1998,16326
IA,M,1999,16598
IA,M,2000,16642
IA,M,2001,16051
IA,M,2002,16256
IA,M,2003,16269
IA,M,2004,16166
IA,M,2005,16409
IA,M,2006,16926
IA,M,2007,16587
IA,M,2008,16466
IA,M,2009,15790
IA,M,2010,15259
IA,M,2011,15008
IA,M,2012,15089
IA,M,2013,15202
IA,M,2014,15734
IA,M,2015,15700
IA,M,2016,15177
IA,M,2017,14777
IA,M,2018,14266
IA,M,2019,14169
ID,F,1961,6329
ID,F,1962,6035
ID,F,1963,5532
ID,F,1964,5123
ID,F,1965,4694
ID,F,1966,4352
ID,F,1967,4259
ID,F,1968,4401
ID,F,1969,4485
ID,F,1970,4868
ID,F,1971,4884
ID,F,1972,4739
ID,F,1973,4848
ID,F,1974,5224
ID,F,1975,5483
ID,F,1976,5837
ID,F,1977,6277
ID,F,1978,6686
ID,F,1979,6907
ID,F,1980,6898
ID,F,1981,6865
ID,F,1982,6872
ID,F,1983,6379
ID,F,1984,6087
ID,F,1985,6004
ID,F,1986,5550
ID,F,1987,5190
ID,F,1988,5228
ID,F,1989,5134
ID,F,1990,5357
ID,F,1991,5418
ID,F,1992,5445
ID,F,1993,5518
ID,F,1994,5376
ID,F,1995,5588
ID,F,1996,5769
ID,F,1997,5556
ID,F,1998,5898
ID,F,1999,5983
ID,F,2000,6074
ID,F,2001,6195
ID,F,2002,6212
ID,F,2003,6381
ID,F,2004,6453
ID,F,2005,6848
ID,F,2006,7009
ID,F,2007,7120
ID,F,2008,7367
ID,F,2009,6766
ID,F,2010,6377
ID,F,2011,6130
ID,F,2012,6352
ID,F,2013,6165
ID,F,2014,6426
ID,F,2015,6447
ID,F,2016,6425
ID,F,2017,6279
ID,F,2018,5955
ID,F,2019,6204
ID,M,1961,7219
ID,M,1962,6992
ID,M,1963,6286
ID,M,1964,5922
ID,M,1965,5463
ID,M,1966,5373
ID,M,1967,5349
ID,M,1968,5355
ID,M,1969,5543
ID,M,1970,6116
ID,M,1971,5890
ID,M,1972,5840
ID,M,1973,5944
ID,M,1974,6437
ID,M,1975,6792
ID,M,1976,7215
ID,M,1977,7918
ID,M,1978,7987
ID,M,1979,8425
ID,M,1980,8562
ID,M,1981,8186
ID,M,1982,8193
ID,M,1983,7943
ID,M,1984,7687
ID,M,1985,7235
ID,M,1986,6814
ID,M,1987,6563
ID,M,1988,6357
ID,M,1989,6690
ID,M,1990,6832
ID,M,1991,6906
ID,M,1992,7167
ID,M,1993,7090
ID,M,1994,6956
ID,M,1995,7229
ID,M,1996,7320
ID,M,1997,7473
ID,M,1998,7602
ID,M,1999,7641
ID,M,2000,7874
ID,M,2001,7777
ID,M,2002,8079
ID,M,2003,8338
ID,M,2004,8665
ID,M,2005,8594
ID,M,2006,9100
ID,M,2007,9360
ID,M,2008,9186
ID,M,2009,8759
ID,M,2010,8390
ID,M,2011,8138
ID,M,2012,8092
ID,M,2013,7977
ID,M,2014,8323
ID,M,2015,7936
ID,M,2016,8029
ID,M,2017,7881
ID,M,2018,7745
ID,M,2019,7719
IL,F,1961,106573
IL,F,1962,102866
IL,F,1963,99107
IL,F,1964,98159
IL,F,1965,91291
IL,F,1966,87975
IL,F,1967,85457
IL,F,1968,83664
IL,F,1969,84785
IL,F,1970,87729
IL,F,1971,82680
IL,F,1972,74591
IL,F,1973,70217
IL,F,1974,69703
IL,F,1975,69660
IL,F,1976,69909
IL,F,1977,72324
IL,F,1978,70904
IL,F,1979,74692
IL,F,1980,77288
IL,F,1981,75142
IL,F,1982,74421
IL,F,1983,72782
IL,F,1984,72606
IL,F,1985,72998
IL,F,1986,70931
IL,F,1987,72562
IL,F,1988,73693
IL,F,1989,77293
IL,F,1990,78503
IL,F,1991,77524
IL,F,1992,75257
IL,F,1993,75183
IL,F,1994,74224
IL,F,1995,72547
IL,F,1996,71442
IL,F,1997,69907
IL,F,1998,70406
IL,F,1999,69826
IL,F,2000,71223
IL,F,2001,70361
IL,F,2002,68666
IL,F,2003,69273
IL,F,2004,68479
IL,F,2005,67139
IL,F,2006,68113
IL,F,2007,67678
IL,F,2008,66175
IL,F,2009,63187
IL,F,2010,60768
IL,F,2011,59411
IL,F,2012,58700
IL,F,2013,57862
IL,F,2014,58865
IL,F,2015,58425
IL,F,2016,57491
IL,F,2017,55392
IL,F,2018,53386
IL,F,2019,51305
IL,M,1961,113818
IL,M,1962,110202
IL,M,1963,107825
IL,M,1964,105624
IL,M,1965,98819
IL,M,1966,95295
IL,M,1967,92579
IL,M,1968,91311
IL,M,1969,92107
IL,M,1970,96821
IL,M,1971,91060
IL,M,1972,82768
IL,M,1973,78051
IL,M,1974,78303
IL,M,1975,78256
IL,M,1976,78445
IL,M,1977,81372
IL,M,1978,79394
IL,M,1979,83776
IL,M,1980,86414
IL,M,1981,84652
IL,M,1982,83867
IL,M,1983,81773
IL,M,1984,81871
IL,M,1985,82265
IL,M,1986,79794
IL,M,1987,81700
IL,M,1988,83434
IL,M,1989,86781
IL,M,1990,89206
IL,M,1991,87475
IL,M,1992,86190
IL,M,1993,85556
IL,M,1994,84419
IL,M,1995,82614
IL,M,1996,80919
IL,M,1997,79634
IL,M,1998,80313
IL,M,1999,79787
IL,M,2000,80420
IL,M,2001,80208
IL,M,2002,78407
IL,M,2003,79209
IL,M,2004,78321
IL,M,2005,77117
IL,M,2006,76958
IL,M,2007,77210
IL,M,2008,74717
IL,M,2009,72506
IL,M,2010,69774
IL,M,2011,67709
IL,M,2012,66458
IL,M,2013,65822
IL,M,2014,66327
IL,M,2015,66247
IL,M,2016,64022
IL,M,2017,61776
IL,M,2018,59476
IL,M,2019,57197
IN,F,1961,49885
IN,F,1962,48402
IN,F,1963,47088
IN,F,1964,46848
IN,F,1965,42974
IN,F,1966,42058
IN,F,1967,40736
IN,F,1968,39794
IN,F,1969,40911
IN,F,1970,43071
IN,F,1971,41110
IN,F,1972,37042
IN,F,1973,35450
IN,F,1974,34902
IN,F,1975,34380
IN,F,1976,33791
IN,F,1977,35231
IN,F,1978,34803
IN,F,1979,36236
IN,F,1980,36992
IN,F,1981,34889
IN,F,1982,35180
IN,F,1983,33804
IN,F,1984,33306
IN,F,1985,34039
IN,F,1986,32859
IN,F,1987,32111
IN,F,1988,33924
IN,F,1989,34337
IN,F,1990,35173
IN,F,1991,34822
IN,F,1992,33235
IN,F,1993,33157
IN,F,1994,32774
IN,F,1995,32748
IN,F,1996,32890
IN,F,1997,32786
IN,F,1998,33072
IN,F,1999,33208
IN,F,2000,33299
IN,F,2001,33032
IN,F,2002,32267
IN,F,2003,32393
IN,F,2004,32498
IN,F,2005,32482
IN,F,2006,33048
IN,F,2007,33115
IN,F,2008,32466
IN,F,2009,31633
IN,F,2010,30269
IN,F,2011,30293
IN,F,2012,29990
IN,F,2013,29760
IN,F,2014,30443
IN,F,2015,30548
IN,F,2016,30149
IN,F,2017,29962
IN,F,2018,29555
IN,F,2019,28580
IN,M,1961,54121
IN,M,1962,52281
IN,M,1963,51318
IN,M,1964,50848
IN,M,1965,47271
IN,M,1966,45518
IN,M,1967,45000
IN,M,1968,43933
IN,M,1969,45059
IN,M,1970,47760
IN,M,1971,45850
IN,M,1972,41645
IN,M,1973,39724
IN,M,1974,39536
IN,M,1975,39209
IN,M,1976,38174
IN,M,1977,40474
IN,M,1978,39303
IN,M,1979,41089
IN,M,1980,41749
IN,M,1981,40117
IN,M,1982,39638
IN,M,1983,37905
IN,M,1984,37809
IN,M,1985,37686
IN,M,1986,36950
IN,M,1987,36930
IN,M,1988,38792
IN,M,1989,39620
IN,M,1990,40511
IN,M,1991,39954
IN,M,1992,39183
IN,M,1993,38669
IN,M,1994,37643
IN,M,1995,38094
IN,M,1996,37606
IN,M,1997,37298
IN,M,1998,38037
IN,M,1999,38414
IN,M,2000,39313
IN,M,2001,38415
IN,M,2002,37282
IN,M,2003,38406
IN,M,2004,38731
IN,M,2005,38239
IN,M,2006,38757
IN,M,2007,39144
IN,M,2008,38240
IN,M,2009,37334
IN,M,2010,36095
IN,M,2011,35953
IN,M,2012,35610
IN,M,2013,35559
IN,M,2014,36037
IN,M,2015,36023
IN,M,2016,35441
IN,M,2017,34286
IN,M,2018,33797
IN,M,2019,33428
KS,F,1961,20327
KS,F,1962,19830
KS,F,1963,18613
KS,F,1964,17179
KS,F,1965,15395
KS,F,1966,14319
KS,F,1967,13523
KS,F,1968,13804
KS,F,1969,14325
KS,F,1970,14749
KS,F,1971,13532
KS,F,1972,12323
KS,F,1973,11969
KS,F,1974,12044
KS,F,1975,12570
KS,F,1976,13019
KS,F,1977,13517
KS,F,1978,13440
KS,F,1979,14379
KS,F,1980,15119
KS,F,1981,15474
KS,F,1982,15517
KS,F,1983,15545
KS,F,1984,15284
KS,F,1985,14653
KS,F,1986,14502
KS,F,1987,14209
KS,F,1988,14320
KS,F,1989,14130
KS,F,1990,13955
KS,F,1991,13366
KS,F,1992,13333
KS,F,1993,12910
KS,F,1994,12877
KS,F,1995,12788
KS,F,1996,12438
KS,F,1997,12437
KS,F,1998,12954
KS,F,1999,13117
KS,F,2000,13341
KS,F,2001,13251
KS,F,2002,13448
KS,F,2003,13655
KS,F,2004,13536
KS,F,2005,13755
KS,F,2006,13812
KS,F,2007,14053
KS,F,2008,13805
KS,F,2009,13741
KS,F,2010,13333
KS,F,2011,12664
KS,F,2012,13102
KS,F,2013,12845
KS,F,2014,12938
KS,F,2015,13000
KS,F,2016,12571
KS,F,2017,11955
KS,F,2018,12020
KS,F,2019,11791
KS,M,1961,22395
KS,M,1962,21966
KS,M,1963,20579
KS,M,1964,19598
KS,M,1965,17406
KS,M,1966,15926
KS,M,1967,15496
KS,M,1968,15479
KS,M,1969,16427
KS,M,1970,16644
KS,M,1971,15799
KS,M,1972,14361
KS,M,1973,13824
KS,M,1974,14085
KS,M,1975,14721
KS,M,1976,15195
KS,M,1977,15614
KS,M,1978,15596
KS,M,1979,16841
KS,M,1980,17924
KS,M,1981,18172
KS,M,1982,17895
KS,M,1983,17755
KS,M,1984,17440
KS,M,1985,17348
KS,M,1986,17264
KS,M,1987,16536
KS,M,1988,16669
KS,M,1989,17045
KS,M,1990,16912
KS,M,1991,16081
KS,M,1992,15966
KS,M,1993,15687
KS,M,1994,15485
KS,M,1995,15213
KS,M,1996,15028
KS,M,1997,15464
KS,M,1998,15768
KS,M,1999,16212
KS,M,2000,16494
KS,M,2001,16161
KS,M,2002,16428
KS,M,2003,16669
KS,M,2004,16567
KS,M,2005,16420
KS,M,2006,16810
KS,M,2007,17171
KS,M,2008,16898
KS,M,2009,16713
KS,M,2010,16341
KS,M,2011,15927
KS,M,2012,16050
KS,M,2013,15568
KS,M,2014,15779
KS,M,2015,15790
KS,M,2016,15616
KS,M,2017,14992
KS,M,2018,14481
KS,M,2019,14017
KY,F,1961,31864
KY,F,1962,30818
KY,F,1963,30178
KY,F,1964,29798
KY,F,1965,26783
KY,F,1966,24829
KY,F,1967,24598
KY,F,1968,23957
KY,F,1969,24680
KY,F,1970,25984
KY,F,1971,25971
KY,F,1972,23751
KY,F,1973,23191
KY,F,1974,22775
KY,F,1975,23399
KY,F,1976,23432
KY,F,1977,24589
KY,F,1978,23881
KY,F,1979,24490
KY,F,1980,24861
KY,F,1981,23872
KY,F,1982,23743
KY,F,1983,22534
KY,F,1984,21935
KY,F,1985,21255
KY,F,1986,20952
KY,F,1987,20881
KY,F,1988,20454
KY,F,1989,21284
KY,F,1990,21237
KY,F,1991,21460
KY,F,1992,20980
KY,F,1993,19953
KY,F,1994,19991
KY,F,1995,19633
KY,F,1996,19638
KY,F,1997,19758
KY,F,1998,20385
KY,F,1999,20060
KY,F,2000,20447
KY,F,2001,19907
KY,F,2002,19270
KY,F,2003,19682
KY,F,2004,19458
KY,F,2005,19666
KY,F,2006,20284
KY,F,2007,20462
KY,F,2008,20198
KY,F,2009,19262
KY,F,2010,18328
KY,F,2011,18328
KY,F,2012,18108
KY,F,2013,18447
KY,F,2014,18415
KY,F,2015,18514
KY,F,2016,18174
KY,F,2017,17786
KY,F,2018,17645
KY,F,2019,17315
KY,M,1961,34487
KY,M,1962,34101
KY,M,1963,33064
KY,M,1964,32782
KY,M,1965,29528
KY,M,1966,27903
KY,M,1967,27051
KY,M,1968,27123
KY,M,1969,27556
KY,M,1970,28931
KY,M,1971,29136
KY,M,1972,26542
KY,M,1973,25781
KY,M,1974,25855
KY,M,1975,26001
KY,M,1976,26633
KY,M,1977,28187
KY,M,1978,27301
KY,M,1979,28157
KY,M,1980,28120
KY,M,1981,27044
KY,M,1982,26786
KY,M,1983,25597
KY,M,1984,24626
KY,M,1985,24830
KY,M,1986,23919
KY,M,1987,23886
KY,M,1988,23607
KY,M,1989,24455
KY,M,1990,24796
KY,M,1991,24750
KY,M,1992,24292
KY,M,1993,23916
KY,M,1994,23448
KY,M,1995,23191
KY,M,1996,23135
KY,M,1997,23213
KY,M,1998,23425
KY,M,1999,23449
KY,M,2000,24178
KY,M,2001,23240
KY,M,2002,23135
KY,M,2003,23033
KY,M,2004,21922
KY,M,2005,23435
KY,M,2006,23955
KY,M,2007,24125
KY,M,2008,23586
KY,M,2009,23396
KY,M,2010,22444
KY,M,2011,22126
KY,M,2012,22124
KY,M,2013,22149
KY,M,2014,22208
KY,M,2015,21940
KY,M,2016,21736
KY,M,2017,21524
KY,M,2018,20802
KY,M,2019,20288
LA,F,1961,38028
LA,F,1962,38056
LA,F,1963,36131
LA,F,1964,36313
LA,F,1965,33426
LA,F,1966,32058
LA,F,1967,31212
LA,F,1968,30294
LA,F,1969,30788
LA,F,1970,30418
LA,F,1971,29139
LA,F,1972,26532
LA,F,1973,25689
LA,F,1974,24823
LA,F,1975,25560
LA,F,1976,26027
LA,F,1977,27986
LA,F,1978,27509
LA,F,1979,29273
LA,F,1980,30708
LA,F,1981,30620
LA,F,1982,31676
LA,F,1983,30769
LA,F,1984,30747
LA,F,1985,30080
LA,F,1986,28199
LA,F,1987,26311
LA,F,1988,26312
LA,F,1989,25754
LA,F,1990,25389
LA,F,1991,25050
LA,F,1992,23697
LA,F,1993,23104
LA,F,1994,22413
LA,F,1995,21968
LA,F,1996,21549
LA,F,1997,21638
LA,F,1998,21844
LA,F,1999,22035
LA,F,2000,21910
LA,F,2001,20770
LA,F,2002,20518
LA,F,2003,20763
LA,F,2004,20787
LA,F,2005,19679
LA,F,2006,19994
LA,F,2007,21163
LA,F,2008,20217
LA,F,2009,20646
LA,F,2010,19671
LA,F,2011,19518
LA,F,2012,19683
LA,F,2013,20127
LA,F,2014,20886
LA,F,2015,21236
LA,F,2016,20923
LA,F,2017,19816
LA,F,2018,19493
LA,F,2019,18780
LA,M,1961,41228
LA,M,1962,40437
LA,M,1963,39636
LA,M,1964,39740
LA,M,1965,36582
LA,M,1966,35310
LA,M,1967,34541
LA,M,1968,34395
LA,M,1969,34191
LA,M,1970,33854
LA,M,1971,33113
LA,M,1972,31241
LA,M,1973,29733
LA,M,1974,29485
LA,M,1975,30176
LA,M,1976,30405
LA,M,1977,33017
LA,M,1978,33052
LA,M,1979,34912
LA,M,1980,36565
LA,M,1981,36666
LA,M,1982,37793
LA,M,1983,36696
LA,M,1984,35865
LA,M,1985,35847
LA,M,1986,34050
LA,M,1987,32157
LA,M,1988,31579
LA,M,1989,31914
LA,M,1990,31246
LA,M,1991,30977
LA,M,1992,30501
LA,M,1993,29236
LA,M,1994,28103
LA,M,1995,27217
LA,M,1996,26682
LA,M,1997,26869
LA,M,1998,27234
LA,M,1999,27330
LA,M,2000,27244
LA,M,2001,26037
LA,M,2002,25738
LA,M,2003,25694
LA,M,2004,25477
LA,M,2005,24112
LA,M,2006,25092
LA,M,2007,25898
LA,M,2008,25138
LA,M,2009,25026
LA,M,2010,23820
LA,M,2011,23700
LA,M,2012,24171
LA,M,2013,24687
LA,M,2014,25180
LA,M,2015,25438
LA,M,2016,24512
LA,M,2017,23771
LA,M,2018,22727
LA,M,2019,22391
MA,F,1961,53987
MA,F,1962,51383
MA,F,1963,51721
MA,F,1964,50195
MA,F,1965,47243
MA,F,1966,45031
MA,F,1967,43569
MA,F,1968,41641
MA,F,1969,42259
MA,F,1970,42247
MA,F,1971,39154
MA,F,1972,34219
MA,F,1973,31701
MA,F,1974,30584
MA,F,1975,29376
MA,F,1976,28581
MA,F,1977,29419
MA,F,1978,29659
MA,F,1979,30650
MA,F,1980,31256
MA,F,1981,31621
MA,F,1982,32573
MA,F,1983,32843
MA,F,1984,33476
MA,F,1985,34974
MA,F,1986,35086
MA,F,1987,35873
MA,F,1988,37209
MA,F,1989,38489
MA,F,1990,38733
MA,F,1991,36303
MA,F,1992,35880
MA,F,1993,34257
MA,F,1994,33816
MA,F,1995,32996
MA,F,1996,32198
MA,F,1997,31797
MA,F,1998,31897
MA,F,1999,31360
MA,F,2000,31398
MA,F,2001,31454
MA,F,2002,30674
MA,F,2003,30202
MA,F,2004,29300
MA,F,2005,28486
MA,F,2006,28419
MA,F,2007,27750
MA,F,2008,27212
MA,F,2009,26232
MA,F,2010,25550
MA,F,2011,25524
MA,F,2012,25407
MA,F,2013,25363
MA,F,2014,25365
MA,F,2015,25238
MA,F,2016,25442
MA,F,2017,25160
MA,F,2018,24557
MA,F,2019,24589
MA,M,1961,57339
MA,M,1962,55739
MA,M,1963,54808
MA,M,1964,53799
MA,M,1965,51069
MA,M,1966,48337
MA,M,1967,47109
MA,M,1968,45601
MA,M,1969,45957
MA,M,1970,46640
MA,M,1971,42599
MA,M,1972,37662
MA,M,1973,35249
MA,M,1974,34142
MA,M,1975,33067
MA,M,1976,32056
MA,M,1977,33019
MA,M,1978,33168
MA,M,1979,33898
MA,M,1980,34805
MA,M,1981,35745
MA,M,1982,36271
MA,M,1983,36390
MA,M,1984,37380
MA,M,1985,39186
MA,M,1986,39223
MA,M,1987,40778
MA,M,1988,41453
MA,M,1989,43755
MA,M,1990,44006
MA,M,1991,41532
MA,M,1992,40898
MA,M,1993,39502
MA,M,1994,38615
MA,M,1995,37675
MA,M,1996,37165
MA,M,1997,36281
MA,M,1998,36693
MA,M,1999,36277
MA,M,2000,36218
MA,M,2001,35576
MA,M,2002,35504
MA,M,2003,35095
MA,M,2004,34015
MA,M,2005,32850
MA,M,2006,32903
MA,M,2007,32820
MA,M,2008,32011
MA,M,2009,31038
MA,M,2010,29996
MA,M,2011,29987
MA,M,2012,29631
MA,M,2013,29339
MA,M,2014,29887
MA,M,2015,29519
MA,M,2016,29392
MA,M,2017,28775
MA,M,2018,28228
MA,M,2019,28000
MD,F,1961,30325
MD,F,1962,29290
MD,F,1963,29871
MD,F,1964,30071
MD,F,1965,28205
MD,F,1966,27345
MD,F,1967,25779
MD,F,1968,25280
MD,F,1969,25087
MD,F,1970,25214
MD,F,1971,23445
MD,F,1972,20585
MD,F,1973,18807
MD,F,1974,18541
MD,F,1975,17679
MD,F,1976,17453
MD,F,1977,18460
MD,F,1978,18260
MD,F,1979,19480
MD,F,1980,20192
MD,F,1981,20973
MD,F,1982,22286
MD,F,1983,22534
MD,F,1984,22885
MD,F,1985,24120
MD,F,1986,24526
MD,F,1987,25502
MD,F,1988,25978
MD,F,1989,27704
MD,F,1990,28365
MD,F,1991,27610
MD,F,1992,26874
MD,F,1993,25681
MD,F,1994,25260
MD,F,1995,24648
MD,F,1996,24711
MD,F,1997,23635
MD,F,1998,23935
MD,F,1999,23939
MD,F,2000,24594
MD,F,2001,24021
MD,F,2002,23749
MD,F,2003,24238
MD,F,2004,24498
MD,F,2005,24763
MD,F,2006,25140
MD,F,2007,25670
MD,F,2008,25271
MD,F,2009,24715
MD,F,2010,24327
MD,F,2011,23958
MD,F,2012,24089
MD,F,2013,23512
MD,F,2014,24291
MD,F,2015,24076
MD,F,2016,24008
MD,F,2017,23241
MD,F,2018,23305
MD,F,2019,22245
MD,M,1961,32801
MD,M,1962,31669
MD,M,1963,32774
MD,M,1964,32925
MD,M,1965,30980
MD,M,1966,29604
MD,M,1967,28827
MD,M,1968,27755
MD,M,1969,28397
MD,M,1970,28144
MD,M,1971,26506
MD,M,1972,23617
MD,M,1973,21530
MD,M,1974,20827
MD,M,1975,20720
MD,M,1976,20233
MD,M,1977,21663
MD,M,1978,21371
MD,M,1979,22678
MD,M,1980,23413
MD,M,1981,24203
MD,M,1982,25604
MD,M,1983,25971
MD,M,1984,26700
MD,M,1985,27753
MD,M,1986,28301
MD,M,1987,29107
MD,M,1988,30642
MD,M,1989,32093
MD,M,1990,33178
MD,M,1991,32686
MD,M,1992,31866
MD,M,1993,30421
MD,M,1994,30060
MD,M,1995,29506
MD,M,1996,28722
MD,M,1997,28101
MD,M,1998,28477
MD,M,1999,28389
MD,M,2000,28746
MD,M,2001,28282
MD,M,2002,28286
MD,M,2003,29165
MD,M,2004,28501
MD,M,2005,28774
MD,M,2006,30099
MD,M,2007,30112
MD,M,2008,29887
MD,M,2009,28750
MD,M,2010,28192
MD,M,2011,28020
MD,M,2012,27728
MD,M,2013,27468
MD,M,2014,28209
MD,M,2015,27786
MD,M,2016,27520
MD,M,2017,26458
MD,M,2018,26340
MD,M,2019,25877
ME,F,1961,10053
ME,F,1962,9921
ME,F,1963,9320
ME,F,1964,8971
ME,F,1965,8210
ME,F,1966,7712
ME,F,1967,7337
ME,F,1968,6865
ME,F,1969,6995
ME,F,1970,7163
ME,F,1971,7103
ME,F,1972,6542
ME,F,1973,5943
ME,F,1974,5797
ME,F,1975,5725
ME,F,1976,5639
ME,F,1977,5909
ME,F,1978,5917
ME,F,1979,6095
ME,F,1980,6059
ME,F,1981,6284
ME,F,1982,6239
ME,F,1983,6240
ME,F,1984,6232
ME,F,1985,6360
ME,F,1986,6098
ME,F,1987,6189
ME,F,1988,6132
ME,F,1989,6296
ME,F,1990,6333
ME,F,1991,6007
ME,F,1992,5716
ME,F,1993,5260
ME,F,1994,5114
ME,F,1995,4835
ME,F,1996,4800
ME,F,1997,4581
ME,F,1998,4631
ME,F,1999,4405
ME,F,2000,4498
ME,F,2001,4460
ME,F,2002,4402
ME,F,2003,4346
ME,F,2004,4424
ME,F,2005,4389
ME,F,2006,4277
ME,F,2007,4368
ME,F,2008,4121
ME,F,2009,3944
ME,F,2010,3850
ME,F,2011,3656
ME,F,2012,3657
ME,F,2013,3550
ME,F,2014,3605
ME,F,2015,3487
ME,F,2016,3588
ME,F,2017,3423
ME,F,2018,3395
ME,F,2019,3252
ME,M,1961,10907
ME,M,1962,10702
ME,M,1963,10080
ME,M,1964,9861
ME,M,1965,9237
ME,M,1966,8331
ME,M,1967,8123
ME,M,1968,7713
ME,M,1969,7775
ME,M,1970,7934
ME,M,1971,8029
ME,M,1972,7283
ME,M,1973,6997
ME,M,1974,6503
ME,M,1975,6566
ME,M,1976,6516
ME,M,1977,7014
ME,M,1978,6796
ME,M,1979,7153
ME,M,1980,7218
ME,M,1981,7025
ME,M,1982,7164
ME,M,1983,7173
ME,M,1984,7317
ME,M,1985,7221
ME,M,1986,7248
ME,M,1987,7142
ME,M,1988,7276
ME,M,1989,7628
ME,M,1990,7533
ME,M,1991,7352
ME,M,1992,6947
ME,M,1993,6630
ME,M,1994,6222
ME,M,1995,5892
ME,M,1996,5761
ME,M,1997,5753
ME,M,1998,5682
ME,M,1999,5667
ME,M,2000,5507
ME,M,2001,5657
ME,M,2002,5487
ME,M,2003,5561
ME,M,2004,5610
ME,M,2005,5567
ME,M,2006,5509
ME,M,2007,5409
ME,M,2008,5097
ME,M,2009,5027
ME,M,2010,4744
ME,M,2011,4766
ME,M,2012,4739
ME,M,2013,4694
ME,M,2014,4642
ME,M,2015,4634
ME,M,2016,4524
ME,M,2017,4262
ME,M,2018,4209
ME,M,2019,3930
MI,F,1961,86841
MI,F,1962,82089
MI,F,1963,80053
MI,F,1964,78139
MI,F,1965,73804
MI,F,1966,73516
MI,F,1967,71257
MI,F,1968,69441
MI,F,1969,71713
MI,F,1970,74082
MI,F,1971,69007
MI,F,1972,61886
MI,F,1973,58887
MI,F,1974,57018
MI,F,1975,55709
MI,F,1976,54409
MI,F,1977,57115
MI,F,1978,57541
MI,F,1979,59579
MI,F,1980,60276
MI,F,1981,58654
MI,F,1982,57606
MI,F,1983,55236
MI,F,1984,56352
MI,F,1985,57251
MI,F,1986,56519
MI,F,1987,57968
MI,F,1988,57425
MI,F,1989,60448
MI,F,1990,62465
MI,F,1991,60383
MI,F,1992,57059
MI,F,1993,55409
MI,F,1994,54207
MI,F,1995,52615
MI,F,1996,52039
MI,F,1997,51952
MI,F,1998,51510
MI,F,1999,51271
MI,F,2000,52016
MI,F,2001,49894
MI,F,2002,48746
MI,F,2003,49049
MI,F,2004,48197
MI,F,2005,47321
MI,F,2006,47140
MI,F,2007,45656
MI,F,2008,44405
MI,F,2009,42659
MI,F,2010,41529
MI,F,2011,41343
MI,F,2012,41090
MI,F,2013,41533
MI,F,2014,42062
MI,F,2015,42077
MI,F,2016,41945
MI,F,2017,41092
MI,F,2018,40019
MI,F,2019,39417
MI,M,1961,93133
MI,M,1962,88355
MI,M,1963,86042
MI,M,1964,84259
MI,M,1965,79812
MI,M,1966,79121
MI,M,1967,77785
MI,M,1968,76224
MI,M,1969,78189
MI,M,1970,81377
MI,M,1971,76528
MI,M,1972,68921
MI,M,1973,65759
MI,M,1974,64158
MI,M,1975,61888
MI,M,1976,61135
MI,M,1977,64348
MI,M,1978,64254
MI,M,1979,67046
MI,M,1980,67353
MI,M,1981,65634
MI,M,1982,64912
MI,M,1983,62561
MI,M,1984,63712
MI,M,1985,65128
MI,M,1986,63813
MI,M,1987,64623
MI,M,1988,64649
MI,M,1989,69429
MI,M,1990,70992
MI,M,1991,68678
MI,M,1992,65866
MI,M,1993,63706
MI,M,1994,62415
MI,M,1995,60502
MI,M,1996,59580
MI,M,1997,59294
MI,M,1998,59679
MI,M,1999,58834
MI,M,2000,59261
MI,M,2001,58403
MI,M,2002,56103
MI,M,2003,56649
MI,M,2004,56078
MI,M,2005,54683
MI,M,2006,54143
MI,M,2007,53371
MI,M,2008,51306
MI,M,2009,49290
MI,M,2010,48114
MI,M,2011,48176
MI,M,2012,47531
MI,M,2013,47878
MI,M,2014,48740
MI,M,2015,47636
MI,M,2016,47593
MI,M,2017,46212
MI,M,2018,45653
MI,M,2019,43486
MN,F,1961,38619
MN,F,1962,37899
MN,F,1963,35513
MN,F,1964,33912
MN,F,1965,31397
MN,F,1966,29352
MN,F,1967,28155
MN,F,1968,28111
MN,F,1969,28756
MN,F,1970,29579
MN,F,1971,27067
MN,F,1972,24063
MN,F,1973,22777
MN,F,1974,23802
MN,F,1975,24159
MN,F,1976,24058
MN,F,1977,25881
MN,F,1978,26540
MN,F,1979,27779
MN,F,1980,29146
MN,F,1981,29097
MN,F,1982,29248
MN,F,1983,27970
MN,F,1984,28665
MN,F,1985,28539
MN,F,1986,27666
MN,F,1987,26983
MN,F,1988,27594
MN,F,1989,28290
MN,F,1990,27930
MN,F,1991,27469
MN,F,1992,26372
MN,F,1993,25879
MN,F,1994,25616
MN,F,1995,24972
MN,F,1996,24861
MN,F,1997,24977
MN,F,1998,25263
MN,F,1999,24974
MN,F,2000,25625
MN,F,2001,25232
MN,F,2002,25383
MN,F,2003,25902
MN,F,2004,26238
MN,F,2005,25999
MN,F,2006,26846
MN,F,2007,26785
MN,F,2008,25736
MN,F,2009,24774
MN,F,2010,24243
MN,F,2011,23884
MN,F,2012,23994
MN,F,2013,24133
MN,F,2014,24655
MN,F,2015,24427
MN,F,2016,24487
MN,F,2017,23864
MN,F,2018,23412
MN,F,2019,22846
MN,M,1961,41199
MN,M,1962,40504
MN,M,1963,38698
MN,M,1964,37098
MN,M,1965,33726
MN,M,1966,31846
MN,M,1967,30699
MN,M,1968,30947
MN,M,1969,31493
MN,M,1970,32688
MN,M,1971,29694
MN,M,1972,26789
MN,M,1973,25594
MN,M,1974,26452
MN,M,1975,26890
MN,M,1976,27028
MN,M,1977,28772
MN,M,1978,29471
MN,M,1979,31123
MN,M,1980,32461
MN,M,1981,32840
MN,M,1982,32763
MN,M,1983,31249
MN,M,1984,31590
MN,M,1985,31630
MN,M,1986,30734
MN,M,1987,30488
MN,M,1988,30645
MN,M,1989,31546
MN,M,1990,31721
MN,M,1991,30933
MN,M,1992,30313
MN,M,1993,29751
MN,M,1994,29106
MN,M,1995,28322
MN,M,1996,28410
MN,M,1997,28831
MN,M,1998,28497
MN,M,1999,29065
MN,M,2000,29332
MN,M,2001,29194
MN,M,2002,29297
MN,M,2003,30008
MN,M,2004,29912
MN,M,2005,29954
MN,M,2006,30747
MN,M,2007,30370
MN,M,2008,29811
MN,M,2009,29177
MN,M,2010,27673
MN,M,2011,28137
MN,M,2012,27664
MN,M,2013,27974
MN,M,2014,27974
MN,M,2015,28344
MN,M,2016,27939
MN,M,2017,27013
MN,M,2018,26588
MN,M,2019,26035
MO,F,1961,44282
MO,F,1962,42597
MO,F,1963,41068
MO,F,1964,39516
MO,F,1965,36419
MO,F,1966,34574
MO,F,1967,33512
MO,F,1968,32891
MO,F,1969,34292
MO,F,1970,35463
MO,F,1971,34190
MO,F,1972,31279
MO,F,1973,29150
MO,F,1974,29672
MO,F,1975,29128
MO,F,1976,29502
MO,F,1977,30986
MO,F,1978,30651
MO,F,1979,32284
MO,F,1980,33418
MO,F,1981,32081
MO,F,1982,32186
MO,F,1983,31923
MO,F,1984,31353
MO,F,1985,32188
MO,F,1986,31401
MO,F,1987,31243
MO,F,1988,31667
MO,F,1989,32531
MO,F,1990,32848
MO,F,1991,32473
MO,F,1992,30917
MO,F,1993,30522
MO,F,1994,29666
MO,F,1995,29586
MO,F,1996,29546
MO,F,1997,29515
MO,F,1998,29681
MO,F,1999,29256
MO,F,2000,29414
MO,F,2001,28604
MO,F,2002,27881
MO,F,2003,28448
MO,F,2004,28345
MO,F,2005,28974
MO,F,2006,29662
MO,F,2007,29607
MO,F,2008,29375
MO,F,2009,27960
MO,F,2010,27294
MO,F,2011,27003
MO,F,2012,26863
MO,F,2013,26960
MO,F,2014,27055
MO,F,2015,27124
MO,F,2016,27021
MO,F,2017,25882
MO,F,2018,26363
MO,F,2019,25331
MO,M,1961,48397
MO,M,1962,46460
MO,M,1963,44606
MO,M,1964,43102
MO,M,1965,39808
MO,M,1966,38325
MO,M,1967,36608
MO,M,1968,36555
MO,M,1969,38557
MO,M,1970,39616
MO,M,1971,38254
MO,M,1972,35146
MO,M,1973,33005
MO,M,1974,33740
MO,M,1975,32906
MO,M,1976,33016
MO,M,1977,35156
MO,M,1978,34974
MO,M,1979,36764
MO,M,1980,37373
MO,M,1981,36632
MO,M,1982,36775
MO,M,1983,35853
MO,M,1984,35651
MO,M,1985,36896
MO,M,1986,35963
MO,M,1987,35736
MO,M,1988,36509
MO,M,1989,37740
MO,M,1990,37957
MO,M,1991,37264
MO,M,1992,36286
MO,M,1993,35675
MO,M,1994,34713
MO,M,1995,34285
MO,M,1996,34494
MO,M,1997,34397
MO,M,1998,34627
MO,M,1999,34124
MO,M,2000,34362
MO,M,2001,33400
MO,M,2002,33292
MO,M,2003,33687
MO,M,2004,33898
MO,M,2005,33973
MO,M,2006,34912
MO,M,2007,34989
MO,M,2008,34470
MO,M,2009,33407
MO,M,2010,32613
MO,M,2011,32318
MO,M,2012,31691
MO,M,2013,31674
MO,M,2014,32265
MO,M,2015,31521
MO,M,2016,31503
MO,M,2017,30484
MO,M,2018,30185
MO,M,2019,29436
MS,F,1961,24794
MS,F,1962,24729
MS,F,1963,23639
MS,F,1964,22694
MS,F,1965,20799
MS,F,1966,19496
MS,F,1967,18687
MS,F,1968,18039
MS,F,1969,18607
MS,F,1970,18788
MS,F,1971,18650
MS,F,1972,17336
MS,F,1973,16408
MS,F,1974,16070
MS,F,1975,15550
MS,F,1976,15188
MS,F,1977,15809
MS,F,1978,15336
MS,F,1979,15588
MS,F,1980,16421
MS,F,1981,15835
MS,F,1982,15985
MS,F,1983,15241
MS,F,1984,15043
MS,F,1985,14736
MS,F,1986,13750
MS,F,1987,13301
MS,F,1988,13466
MS,F,1989,13693
MS,F,1990,13776
MS,F,1991,13465
MS,F,1992,12880
MS,F,1993,12405
MS,F,1994,12180
MS,F,1995,12091
MS,F,1996,11603
MS,F,1997,11517
MS,F,1998,12181
MS,F,1999,11806
MS,F,2000,12025
MS,F,2001,11600
MS,F,2002,11314
MS,F,2003,11536
MS,F,2004,11718
MS,F,2005,11568
MS,F,2006,12498
MS,F,2007,12737
MS,F,2008,12471
MS,F,2009,11750
MS,F,2010,10982
MS,F,2011,11117
MS,F,2012,10622
MS,F,2013,10899
MS,F,2014,11244
MS,F,2015,11188
MS,F,2016,11068
MS,F,2017,10877
MS,F,2018,10689
MS,F,2019,10430
MS,M,1961,26982
MS,M,1962,26838
MS,M,1963,25838
MS,M,1964,25174
MS,M,1965,22482
MS,M,1966,21358
MS,M,1967,20609
MS,M,1968,20154
MS,M,1969,20910
MS,M,1970,21228
MS,M,1971,21318
MS,M,1972,19923
MS,M,1973,18974
MS,M,1974,18665
MS,M,1975,18268
MS,M,1976,18068
MS,M,1977,19173
MS,M,1978,18459
MS,M,1979,18936
MS,M,1980,20007
MS,M,1981,19245
MS,M,1982,19249
MS,M,1983,18137
MS,M,1984,17846
MS,M,1985,17369
MS,M,1986,17072
MS,M,1987,16370
MS,M,1988,16387
MS,M,1989,17167
MS,M,1990,17147
MS,M,1991,16746
MS,M,1992,16387
MS,M,1993,15841
MS,M,1994,15655
MS,M,1995,15055
MS,M,1996,15143
MS,M,1997,14959
MS,M,1998,15336
MS,M,1999,15207
MS,M,2000,15552
MS,M,2001,14678
MS,M,2002,14581
MS,M,2003,14972
MS,M,2004,14932
MS,M,2005,14742
MS,M,2006,16029
MS,M,2007,16440
MS,M,2008,15713
MS,M,2009,14887
MS,M,2010,13797
MS,M,2011,13871
MS,M,2012,13431
MS,M,2013,13464
MS,M,2014,13746
MS,M,2015,13844
MS,M,2016,13400
MS,M,2017,13308
MS,M,2018,12925
MS,M,2019,12663
MT,F,1961,6479
MT,F,1962,6214
MT,F,1963,5731
MT,F,1964,5375
MT,F,1965,4865
MT,F,1966,4530
MT,F,1967,4296
MT,F,1968,4193
MT,F,1969,4021
MT,F,1970,4338
MT,F,1971,4173
MT,F,1972,3878
MT,F,1973,3768
MT,F,1974,4058
MT,F,1975,3833
MT,F,1976,4175
MT,F,1977,4328
MT,F,1978,4392
MT,F,1979,4679
MT,F,1980,4686
MT,F,1981,4747
MT,F,1982,4858
MT,F,1983,4703
MT,F,1984,4679
MT,F,1985,4373
MT,F,1986,3887
MT,F,1987,3827
MT,F,1988,3528
MT,F,1989,3587
MT,F,1990,3320
MT,F,1991,3467
MT,F,1992,3354
MT,F,1993,3235
MT,F,1994,3136
MT,F,1995,3133
MT,F,1996,2981
MT,F,1997,2937
MT,F,1998,2863
MT,F,1999,2772
MT,F,2000,2919
MT,F,2001,2788
MT,F,2002,2746
MT,F,2003,2897
MT,F,2004,2783
MT,F,2005,2824
MT,F,2006,2997
MT,F,2007,2852
MT,F,2008,3041
MT,F,2009,2950
MT,F,2010,2884
MT,F,2011,2822
MT,F,2012,2737
MT,F,2013,2805
MT,F,2014,2983
MT,F,2015,2985
MT,F,2016,2808
MT,F,2017,2742
MT,F,2018,2716
MT,F,2019,2523
MT,M,1961,7691
MT,M,1962,7401
MT,M,1963,6936
MT,M,1964,6540
MT,M,1965,5867
MT,M,1966,5304
MT,M,1967,5130
MT,M,1968,4988
MT,M,1969,4960
MT,M,1970,5292
MT,M,1971,5153
MT,M,1972,4666
MT,M,1973,4681
MT,M,1974,5096
MT,M,1975,4995
MT,M,1976,5106
MT,M,1977,5530
MT,M,1978,5490
MT,M,1979,5814
MT,M,1980,5804
MT,M,1981,5822
MT,M,1982,5960
MT,M,1983,5773
MT,M,1984,5816
MT,M,1985,5539
MT,M,1986,5220
MT,M,1987,4926
MT,M,1988,4619
MT,M,1989,4604
MT,M,1990,4694
MT,M,1991,4419
MT,M,1992,4399
MT,M,1993,4434
MT,M,1994,4265
MT,M,1995,4103
MT,M,1996,4068
MT,M,1997,4021
MT,M,1998,4001
MT,M,1999,3995
MT,M,2000,3992
MT,M,2001,3819
MT,M,2002,3892
MT,M,2003,4007
MT,M,2004,4035
MT,M,2005,3933
MT,M,2006,4342
MT,M,2007,4139
MT,M,2008,4214
MT,M,2009,3999
MT,M,2010,3892
MT,M,2011,3804
MT,M,2012,3900
MT,M,2013,4037
MT,M,2014,3976
MT,M,2015,4013
MT,M,2016,3925
MT,M,2017,3611
MT,M,2018,3588
MT,M,2019,3307
NC,F,1961,48774
NC,F,1962,47676
NC,F,1963,46374
NC,F,1964,46113
NC,F,1965,41796
NC,F,1966,39684
NC,F,1967,39407
NC,F,1968,39289
NC,F,1969,39835
NC,F,1970,41887
NC,F,1971,40261
NC,F,1972,36708
NC,F,1973,34869
NC,F,1974,33842
NC,F,1975,32350
NC,F,1976,31989
NC,F,1977,33075
NC,F,1978,32371
NC,F,1979,32867
NC,F,1980,33251
NC,F,1981,33142
NC,F,1982,34198
NC,F,1983,33371
NC,F,1984,34085
NC,F,1985,35547
NC,F,1986,35556
NC,F,1987,37260
NC,F,1988,38336
NC,F,1989,40682
NC,F,1990,40855
NC,F,1991,39852
NC,F,1992,39836
NC,F,1993,38378
NC,F,1994,38148
NC,F,1995,38259
NC,F,1996,39346
NC,F,1997,40052
NC,F,1998,42088
NC,F,1999,42493
NC,F,2000,45081
NC,F,2001,44220
NC,F,2002,43438
NC,F,2003,43486
NC,F,2004,44442
NC,F,2005,45385
NC,F,2006,47083
NC,F,2007,48091
NC,F,2008,48060
NC,F,2009,46401
NC,F,2010,44924
NC,F,2011,44130
NC,F,2012,43918
NC,F,2013,44270
NC,F,2014,45089
NC,F,2015,45348
NC,F,2016,45258
NC,F,2017,45300
NC,F,2018,44915
NC,F,2019,44572
NC,M,1961,52800
NC,M,1962,51438
NC,M,1963,50436
NC,M,1964,49191
NC,M,1965,45569
NC,M,1966,43028
NC,M,1967,43003
NC,M,1968,43424
NC,M,1969,43960
NC,M,1970,45592
NC,M,1971,44519
NC,M,1972,41609
NC,M,1973,39415
NC,M,1974,38824
NC,M,1975,36562
NC,M,1976,36250
NC,M,1977,38501
NC,M,1978,37174
NC,M,1979,37568
NC,M,1980,38386
NC,M,1981,37837
NC,M,1982,38479
NC,M,1983,37985
NC,M,1984,39094
NC,M,1985,40519
NC,M,1986,40880
NC,M,1987,41512
NC,M,1988,43498
NC,M,1989,46243
NC,M,1990,47505
NC,M,1991,46038
NC,M,1992,46414
NC,M,1993,44854
NC,M,1994,44733
NC,M,1995,44805
NC,M,1996,45881
NC,M,1997,47005
NC,M,1998,48515
NC,M,1999,49215
NC,M,2000,51726
NC,M,2001,50481
NC,M,2002,50258
NC,M,2003,50894
NC,M,2004,50958
NC,M,2005,52302
NC,M,2006,54471
NC,M,2007,56171
NC,M,2008,55695
NC,M,2009,53828
NC,M,2010,51530
NC,M,2011,50851
NC,M,2012,50524
NC,M,2013,50376
NC,M,2014,51645
NC,M,2015,51934
NC,M,2016,51906
NC,M,2017,51237
NC,M,2018,50049
NC,M,2019,49821
ND,F,1961,6513
ND,F,1962,6190
ND,F,1963,5756
ND,F,1964,5607
ND,F,1965,5076
ND,F,1966,4627
ND,F,1967,4315
ND,F,1968,4083
ND,F,1969,4296
ND,F,1970,4397
ND,F,1971,4104
ND,F,1972,3955
ND,F,1973,3805
ND,F,1974,3888
ND,F,1975,4116
ND,F,1976,4123
ND,F,1977,4457
ND,F,1978,4345
ND,F,1979,4623
ND,F,1980,4721
ND,F,1981,4892
ND,F,1982,4980
ND,F,1983,4893
ND,F,1984,4771
ND,F,1985,4598
ND,F,1986,4262
ND,F,1987,3986
ND,F,1988,4072
ND,F,1989,3752
ND,F,1990,3555
ND,F,1991,3374
ND,F,1992,3325
ND,F,1993,3208
ND,F,1994,3037
ND,F,1995,3241
ND,F,1996,3007
ND,F,1997,2841
ND,F,1998,2655
ND,F,1999,2608
ND,F,2000,2418
ND,F,2001,2547
ND,F,2002,2310
ND,F,2003,2573
ND,F,2004,2501
ND,F,2005,2417
ND,F,2006,2560
ND,F,2007,2596
ND,F,2008,2704
ND,F,2009,2631
ND,F,2010,2693
ND,F,2011,2700
ND,F,2012,2807
ND,F,2013,3167
ND,F,2014,3380
ND,F,2015,3235
ND,F,2016,3296
ND,F,2017,3053
ND,F,2018,2958
ND,F,2019,2806
ND,M,1961,7272
ND,M,1962,6851
ND,M,1963,6723
ND,M,1964,6181
ND,M,1965,5889
ND,M,1966,5442
ND,M,1967,4869
ND,M,1968,4936
ND,M,1969,4997
ND,M,1970,5125
ND,M,1971,4822
ND,M,1972,4630
ND,M,1973,4452
ND,M,1974,4552
ND,M,1975,4751
ND,M,1976,4948
ND,M,1977,5347
ND,M,1978,5259
ND,M,1979,5530
ND,M,1980,5700
ND,M,1981,5880
ND,M,1982,6050
ND,M,1983,5713
ND,M,1984,5471
ND,M,1985,5524
ND,M,1986,5154
ND,M,1987,5016
ND,M,1988,4647
ND,M,1989,4632
ND,M,1990,4309
ND,M,1991,4238
ND,M,1992,4152
ND,M,1993,4106
ND,M,1994,3957
ND,M,1995,3829
ND,M,1996,3789
ND,M,1997,3783
ND,M,1998,3525
ND,M,1999,3376
ND,M,2000,3425
ND,M,2001,3093
ND,M,2002,3359
ND,M,2003,3238
ND,M,2004,3343
ND,M,2005,3521
ND,M,2006,3435
ND,M,2007,3526
ND,M,2008,3487
ND,M,2009,3325
ND,M,2010,3537
ND,M,2011,3553
ND,M,2012,3843
ND,M,2013,3860
ND,M,2014,4180
ND,M,2015,4239
ND,M,2016,4097
ND,M,2017,4025
ND,M,2018,3877
ND,M,2019,3755
NE,F,1961,14781
NE,F,1962,14343
NE,F,1963,13840
NE,F,1964,13024
NE,F,1965,11543
NE,F,1966,10580
NE,F,1967,9939
NE,F,1968,9939
NE,F,1969,10085
NE,F,1970,10421
NE,F,1971,10598
NE,F,1972,9352
NE,F,1973,9028
NE,F,1974,9422
NE,F,1975,9458
NE,F,1976,9453
NE,F,1977,10057
NE,F,1978,9823
NE,F,1979,10302
NE,F,1980,10761
NE,F,1981,10886
NE,F,1982,10760
NE,F,1983,10316
NE,F,1984,10411
NE,F,1985,10002
NE,F,1986,9520
NE,F,1987,9229
NE,F,1988,9049
NE,F,1989,9120
NE,F,1990,9187
NE,F,1991,8884
NE,F,1992,8494
NE,F,1993,8491
NE,F,1994,8096
NE,F,1995,8333
NE,F,1996,8153
NE,F,1997,8225
NE,F,1998,8088
NE,F,1999,7996
NE,F,2000,8355
NE,F,2001,8184
NE,F,2002,8299
NE,F,2003,8292
NE,F,2004,8391
NE,F,2005,8285
NE,F,2006,8413
NE,F,2007,8368
NE,F,2008,8316
NE,F,2009,8204
NE,F,2010,7877
NE,F,2011,7768
NE,F,2012,7742
NE,F,2013,7854
NE,F,2014,7991
NE,F,2015,8006
NE,F,2016,8056
NE,F,2017,7822
NE,F,2018,7448
NE,F,2019,7374
NE,M,1961,16160
NE,M,1962,16155
NE,M,1963,15342
NE,M,1964,14217
NE,M,1965,12814
NE,M,1966,11851
NE,M,1967,11133
NE,M,1968,11088
NE,M,1969,11488
NE,M,1970,11997
NE,M,1971,11481
NE,M,1972,10809
NE,M,1973,10401
NE,M,1974,10957
NE,M,1975,10746
NE,M,1976,10779
NE,M,1977,11422
NE,M,1978,11613
NE,M,1979,11964
NE,M,1980,12716
NE,M,1981,12353
NE,M,1982,12148
NE,M,1983,12017
NE,M,1984,11915
NE,M,1985,11718
NE,M,1986,11125
NE,M,1987,10683
NE,M,1988,10880
NE,M,1989,10994
NE,M,1990,10914
NE,M,1991,10584
NE,M,1992,10323
NE,M,1993,9900
NE,M,1994,9968
NE,M,1995,10041
NE,M,1996,9804
NE,M,1997,9749
NE,M,1998,9984
NE,M,1999,10040
NE,M,2000,10169
NE,M,2001,10079
NE,M,2002,10250
NE,M,2003,10553
NE,M,2004,10544
NE,M,2005,10309
NE,M,2006,10615
NE,M,2007,10656
NE,M,2008,10324
NE,M,2009,10371
NE,M,2010,9846
NE,M,2011,9784
NE,M,2012,9877
NE,M,2013,9967
NE,M,2014,10342
NE,M,2015,10084
NE,M,2016,9937
NE,M,2017,9745
NE,M,2018,9377
NE,M,2019,8944
NH,F,1961,5620
NH,F,1962,5556
NH,F,1963,5423
NH,F,1964,5375
NH,F,1965,5045
NH,F,1966,4676
NH,F,1967,4700
NH,F,1968,4751
NH,F,1969,4816
NH,F,1970,5076
NH,F,1971,4909
NH,F,1972,4449
NH,F,1973,4187
NH,F,1974,4316
NH,F,1975,4235
NH,F,1976,4287
NH,F,1977,4539
NH,F,1978,4694
NH,F,1979,4817
NH,F,1980,5291
NH,F,1981,5345
NH,F,1982,5536
NH,F,1983,5250
NH,F,1984,5344
NH,F,1985,5924
NH,F,1986,5997
NH,F,1987,6335
NH,F,1988,6631
NH,F,1989,6889
NH,F,1990,6631
NH,F,1991,6062
NH,F,1992,5853
NH,F,1993,5484
NH,F,1994,5257
NH,F,1995,5043
NH,F,1996,5024
NH,F,1997,4914
NH,F,1998,4840
NH,F,1999,4767
NH,F,2000,4577
NH,F,2001,4842
NH,F,2002,4540
NH,F,2003,4578
NH,F,2004,4681
NH,F,2005,4424
NH,F,2006,4503
NH,F,2007,4311
NH,F,2008,4258
NH,F,2009,3935
NH,F,2010,3891
NH,F,2011,3948
NH,F,2012,3712
NH,F,2013,3734
NH,F,2014,3751
NH,F,2015,3760
NH,F,2016,3560
NH,F,2017,3485
NH,F,2018,3547
NH,F,2019,3496
NH,M,1961,6144
NH,M,1962,6118
NH,M,1963,6103
NH,M,1964,5987
NH,M,1965,5702
NH,M,1966,5502
NH,M,1967,5507
NH,M,1968,5317
NH,M,1969,5650
NH,M,1970,5819
NH,M,1971,5732
NH,M,1972,5134
NH,M,1973,4887
NH,M,1974,5101
NH,M,1975,4918
NH,M,1976,4817
NH,M,1977,5492
NH,M,1978,5478
NH,M,1979,5690
NH,M,1980,6069
NH,M,1981,6150
NH,M,1982,6311
NH,M,1983,6212
NH,M,1984,6433
NH,M,1985,6860
NH,M,1986,6979
NH,M,1987,7577
NH,M,1988,7702
NH,M,1989,7989
NH,M,1990,7830
NH,M,1991,7156
NH,M,1992,6798
NH,M,1993,6735
NH,M,1994,6518
NH,M,1995,6329
NH,M,1996,6191
NH,M,1997,5949
NH,M,1998,6055
NH,M,1999,5801
NH,M,2000,5961
NH,M,2001,5747
NH,M,2002,5726
NH,M,2003,5589
NH,M,2004,5636
NH,M,2005,5592
NH,M,2006,5456
NH,M,2007,5460
NH,M,2008,5274
NH,M,2009,5097
NH,M,2010,5012
NH,M,2011,4896
NH,M,2012,4728
NH,M,2013,4867
NH,M,2014,4572
NH,M,2015,4578
NH,M,2016,4620
NH,M,2017,4272
NH,M,2018,4235
NH,M,2019,4282
NJ,F,1961,58690
NJ,F,1962,57042
NJ,F,1963,57499
NJ,F,1964,56923
NJ,F,1965,53849
NJ,F,1966,51579
NJ,F,1967,49634
NJ,F,1968,48243
NJ,F,1969,49572
NJ,F,1970,50231
NJ,F,1971,46434
NJ,F,1972,40729
NJ,F,1973,38175
NJ,F,1974,37597
NJ,F,1975,35986
NJ,F,1976,35222
NJ,F,1977,36710
NJ,F,1978,36263
NJ,F,1979,37190
NJ,F,1980,37201
NJ,F,1981,37257
NJ,F,1982,38260
NJ,F,1983,38234
NJ,F,1984,39121
NJ,F,1985,40412
NJ,F,1986,41986
NJ,F,1987,43565
NJ,F,1988,45272
NJ,F,1989,47989
NJ,F,1990,47954
NJ,F,1991,46675
NJ,F,1992,45537
NJ,F,1993,44490
NJ,F,1994,44008
NJ,F,1995,42801
NJ,F,1996,42328
NJ,F,1997,41754
NJ,F,1998,41478
NJ,F,1999,41527
NJ,F,2000,41750
NJ,F,2001,41396
NJ,F,2002,41206
NJ,F,2003,42194
NJ,F,2004,41603
NJ,F,2005,40589
NJ,F,2006,40690
NJ,F,2007,41192
NJ,F,2008,39278
NJ,F,2009,38314
NJ,F,2010,37206
NJ,F,2011,36947
NJ,F,2012,36495
NJ,F,2013,36479
NJ,F,2014,37077
NJ,F,2015,37143
NJ,F,2016,36546
NJ,F,2017,35937
NJ,F,2018,35896
NJ,F,2019,34999
NJ,M,1961,63056
NJ,M,1962,61490
NJ,M,1963,61800
NJ,M,1964,61687
NJ,M,1965,58313
NJ,M,1966,56104
NJ,M,1967,53962
NJ,M,1968,52663
NJ,M,1969,54028
NJ,M,1970,55408
NJ,M,1971,51624
NJ,M,1972,45901
NJ,M,1973,43202
NJ,M,1974,42834
NJ,M,1975,41292
NJ,M,1976,40504
NJ,M,1977,41675
NJ,M,1978,41376
NJ,M,1979,42440
NJ,M,1980,42743
NJ,M,1981,42442
NJ,M,1982,43979
NJ,M,1983,43860
NJ,M,1984,44328
NJ,M,1985,46535
NJ,M,1986,47559
NJ,M,1987,49902
NJ,M,1988,51427
NJ,M,1989,55072
NJ,M,1990,54743
NJ,M,1991,53407
NJ,M,1992,52664
NJ,M,1993,50978
NJ,M,1994,50538
NJ,M,1995,49529
NJ,M,1996,48635
NJ,M,1997,48081
NJ,M,1998,48648
NJ,M,1999,47432
NJ,M,2000,47925
NJ,M,2001,48137
NJ,M,2002,47770
NJ,M,2003,48341
NJ,M,2004,47465
NJ,M,2005,46926
NJ,M,2006,47052
NJ,M,2007,46831
NJ,M,2008,45584
NJ,M,2009,44608
NJ,M,2010,42788
NJ,M,2011,42381
NJ,M,2012,41449
NJ,M,2013,41509
NJ,M,2014,41912
NJ,M,2015,41567
NJ,M,2016,41494
NJ,M,2017,40821
NJ,M,2018,40127
NJ,M,2019,39639
NM,F,1961,11955
NM,F,1962,11529
NM,F,1963,11010
NM,F,1964,10582
NM,F,1965,9693
NM,F,1966,8696
NM,F,1967,8086
NM,F,1968,7656
NM,F,1969,8047
NM,F,1970,8215
NM,F,1971,8398
NM,F,1972,7637
NM,F,1973,7450
NM,F,1974,7756
NM,F,1975,7661
NM,F,1976,7668
NM,F,1977,8054
NM,F,1978,8206
NM,F,1979,8671
NM,F,1980,9327
NM,F,1981,9321
NM,F,1982,9693
NM,F,1983,9454
NM,F,1984,9811
NM,F,1985,9598
NM,F,1986,9473
NM,F,1987,9511
NM,F,1988,9317
NM,F,1989,9156
NM,F,1990,9280
NM,F,1991,9376
NM,F,1992,9270
NM,F,1993,9256
NM,F,1994,8824
NM,F,1995,8550
NM,F,1996,8701
NM,F,1997,8273
NM,F,1998,8463
NM,F,1999,8108
NM,F,2000,8152
NM,F,2001,8020
NM,F,2002,8322
NM,F,2003,8114
NM,F,2004,8146
NM,F,2005,8322
NM,F,2006,8424
NM,F,2007,8517
NM,F,2008,8469
NM,F,2009,8000
NM,F,2010,7441
NM,F,2011,7305
NM,F,2012,7079
NM,F,2013,6741
NM,F,2014,6886
NM,F,2015,6539
NM,F,2016,6317
NM,F,2017,5792
NM,F,2018,5798
NM,F,2019,5487
NM,M,1961,13293
NM,M,1962,13276
NM,M,1963,12181
NM,M,1964,11735
NM,M,1965,10833
NM,M,1966,9702
NM,M,1967,9034
NM,M,1968,8800
NM,M,1969,9296
NM,M,1970,9582
NM,M,1971,9631
NM,M,1972,8848
NM,M,1973,8814
NM,M,1974,9090
NM,M,1975,8791
NM,M,1976,9415
NM,M,1977,9482
NM,M,1978,10115
NM,M,1979,10269
NM,M,1980,11300
NM,M,1981,11157
NM,M,1982,11591
NM,M,1983,11681
NM,M,1984,11387
NM,M,1985,11611
NM,M,1986,11359
NM,M,1987,11387
NM,M,1988,11426
NM,M,1989,11622
NM,M,1990,11410
NM,M,1991,11487
NM,M,1992,11599
NM,M,1993,11437
NM,M,1994,11138
NM,M,1995,10744
NM,M,1996,10794
NM,M,1997,10656
NM,M,1998,10788
NM,M,1999,10788
NM,M,2000,10639
NM,M,2001,10546
NM,M,2002,10611
NM,M,2003,10589
NM,M,2004,10872
NM,M,2005,10897
NM,M,2006,11359
NM,M,2007,11461
NM,M,2008,11164
NM,M,2009,10587
NM,M,2010,10014
NM,M,2011,9535
NM,M,2012,9679
NM,M,2013,9210
NM,M,2014,9070
NM,M,2015,8848
NM,M,2016,8366
NM,M,2017,8086
NM,M,2018,7622
NM,M,2019,7426
NV,F,1961,2581
NV,F,1962,2741
NV,F,1963,3042
NV,F,1964,3262
NV,F,1965,3113
NV,F,1966,2922
NV,F,1967,2676
NV,F,1968,2605
NV,F,1969,2784
NV,F,1970,2957
NV,F,1971,2972
NV,F,1972,2734
NV,F,1973,2510
NV,F,1974,2518
NV,F,1975,2620
NV,F,1976,2847
NV,F,1977,3057
NV,F,1978,3317
NV,F,1979,3724
NV,F,1980,4186
NV,F,1981,4377
NV,F,1982,4775
NV,F,1983,4510
NV,F,1984,4676
NV,F,1985,4802
NV,F,1986,5073
NV,F,1987,5308
NV,F,1988,5657
NV,F,1989,6144
NV,F,1990,6894
NV,F,1991,7117
NV,F,1992,7269
NV,F,1993,7026
NV,F,1994,7771
NV,F,1995,8038
NV,F,1996,8250
NV,F,1997,8545
NV,F,1998,9128
NV,F,1999,9224
NV,F,2000,9502
NV,F,2001,9887
NV,F,2002,10195
NV,F,2003,10336
NV,F,2004,10805
NV,F,2005,11587
NV,F,2006,12504
NV,F,2007,12724
NV,F,2008,12152
NV,F,2009,11449
NV,F,2010,10892
NV,F,2011,10488
NV,F,2012,10303
NV,F,2013,10522
NV,F,2014,10759
NV,F,2015,10928
NV,F,2016,11115
NV,F,2017,10788
NV,F,2018,10546
NV,F,2019,10037
NV,M,1961,3235
NV,M,1962,3371
NV,M,1963,3677
NV,M,1964,3848
NV,M,1965,3658
NV,M,1966,3357
NV,M,1967,3402
NV,M,1968,3365
NV,M,1969,3561
NV,M,1970,3813
NV,M,1971,3745
NV,M,1972,3414
NV,M,1973,3316
NV,M,1974,3367
NV,M,1975,3380
NV,M,1976,3678
NV,M,1977,3809
NV,M,1978,4138
NV,M,1979,4973
NV,M,1980,5289
NV,M,1981,5690
NV,M,1982,5830
NV,M,1983,5791
NV,M,1984,6118
NV,M,1985,6194
NV,M,1986,6387
NV,M,1987,6792
NV,M,1988,7205
NV,M,1989,7988
NV,M,1990,8621
NV,M,1991,9172
NV,M,1992,9042
NV,M,1993,9129
NV,M,1994,9564
NV,M,1995,9917
NV,M,1996,10413
NV,M,1997,10684
NV,M,1998,11303
NV,M,1999,11776
NV,M,2000,12380
NV,M,2001,12375
NV,M,2002,12782
NV,M,2003,13196
NV,M,2004,13825
NV,M,2005,14652
NV,M,2006,15615
NV,M,2007,15995
NV,M,2008,15087
NV,M,2009,14340
NV,M,2010,13659
NV,M,2011,13348
NV,M,2012,13267
NV,M,2013,13235
NV,M,2014,13471
NV,M,2015,13546
NV,M,2016,13399
NV,M,2017,13049
NV,M,2018,13064
NV,M,2019,12696
NY,F,1961,167869
NY,F,1962,163333
NY,F,1963,163215
NY,F,1964,160634
NY,F,1965,153687
NY,F,1966,145770
NY,F,1967,139479
NY,F,1968,136193
NY,F,1969,138951
NY,F,1970,141374
NY,F,1971,125150
NY,F,1972,110793
NY,F,1973,103308
NY,F,1974,103109
NY,F,1975,101762
NY,F,1976,100260
NY,F,1977,101798
NY,F,1978,98301
NY,F,1979,98907
NY,F,1980,99856
NY,F,1981,101318
NY,F,1982,102743
NY,F,1983,102854
NY,F,1984,104341
NY,F,1985,106875
NY,F,1986,108455
NY,F,1987,111845
NY,F,1988,114008
NY,F,1989,118755
NY,F,1990,122016
NY,F,1991,118995
NY,F,1992,116081
NY,F,1993,113062
NY,F,1994,111201
NY,F,1995,107501
NY,F,1996,104315
NY,F,1997,100979
NY,F,1998,100691
NY,F,1999,99779
NY,F,2000,100393
NY,F,2001,97916
NY,F,2002,96840
NY,F,2003,98060
NY,F,2004,96971
NY,F,2005,95033
NY,F,2006,96493
NY,F,2007,97702
NY,F,2008,95488
NY,F,2009,94727
NY,F,2010,92998
NY,F,2011,92711
NY,F,2012,92209
NY,F,2013,91170
NY,F,2014,92372
NY,F,2015,91205
NY,F,2016,89737
NY,F,2017,87851
NY,F,2018,86482
NY,F,2019,84372
NY,M,1961,179398
NY,M,1962,174781
NY,M,1963,174572
NY,M,1964,172176
NY,M,1965,163496
NY,M,1966,157110
NY,M,1967,150556
NY,M,1968,147807
NY,M,1969,151246
NY,M,1970,154700
NY,M,1971,137074
NY,M,1972,121926
NY,M,1973,114363
NY,M,1974,114342
NY,M,1975,112605
NY,M,1976,112268
NY,M,1977,113620
NY,M,1978,110292
NY,M,1979,111024
NY,M,1980,112562
NY,M,1981,113556
NY,M,1982,115965
NY,M,1983,116723
NY,M,1984,116827
NY,M,1985,120999
NY,M,1986,122166
NY,M,1987,125598
NY,M,1988,129619
NY,M,1989,134838
NY,M,1990,138777
NY,M,1991,134377
NY,M,1992,132005
NY,M,1993,128832
NY,M,1994,125788
NY,M,1995,122298
NY,M,1996,118708
NY,M,1997,114859
NY,M,1998,115304
NY,M,1999,113692
NY,M,2000,114511
NY,M,2001,111535
NY,M,2002,110128
NY,M,2003,111612
NY,M,2004,109686
NY,M,2005,108224
NY,M,2006,109479
NY,M,2007,110715
NY,M,2008,109077
NY,M,2009,107661
NY,M,2010,106173
NY,M,2011,104350
NY,M,2012,104223
NY,M,2013,102410
NY,M,2014,102642
NY,M,2015,102749
NY,M,2016,99870
NY,M,2017,97382
NY,M,2018,95489
NY,M,2019,92912
OH,F,1961,104219
OH,F,1962,98464
OH,F,1963,95800
OH,F,1964,93980
OH,F,1965,88054
OH,F,1966,85172
OH,F,1967,82722
OH,F,1968,82594
OH,F,1969,84270
OH,F,1970,89150
OH,F,1971,83666
OH,F,1972,74437
OH,F,1973,70256
OH,F,1974,70114
OH,F,1975,69326
OH,F,1976,67360
OH,F,1977,70126
OH,F,1978,68958
OH,F,1979,72089
OH,F,1980,73311
OH,F,1981,72253
OH,F,1982,71456
OH,F,1983,68849
OH,F,1984,69167
OH,F,1985,69088
OH,F,1986,67937
OH,F,1987,67702
OH,F,1988,68614
OH,F,1989,69847
OH,F,1990,70889
OH,F,1991,70169
OH,F,1992,67929
OH,F,1993,66027
OH,F,1994,64657
OH,F,1995,63462
OH,F,1996,62081
OH,F,1997,61814
OH,F,1998,61574
OH,F,1999,61473
OH,F,2000,61904
OH,F,2001,59498
OH,F,2002,58124
OH,F,2003,58207
OH,F,2004,57434
OH,F,2005,57205
OH,F,2006,57235
OH,F,2007,57283
OH,F,2008,56328
OH,F,2009,54373
OH,F,2010,51675
OH,F,2011,51517
OH,F,2012,51481
OH,F,2013,52455
OH,F,2014,52800
OH,F,2015,52627
OH,F,2016,51895
OH,F,2017,51583
OH,F,2018,50774
OH,F,2019,50075
OH,M,1961,111501
OH,M,1962,105446
OH,M,1963,103273
OH,M,1964,101359
OH,M,1965,94245
OH,M,1966,92710
OH,M,1967,89939
OH,M,1968,90291
OH,M,1969,92270
OH,M,1970,96961
OH,M,1971,92180
OH,M,1972,81374
OH,M,1973,77066
OH,M,1974,77892
OH,M,1975,76592
OH,M,1976,74889
OH,M,1977,77494
OH,M,1978,77067
OH,M,1979,80399
OH,M,1980,81570
OH,M,1981,80652
OH,M,1982,79019
OH,M,1983,76020
OH,M,1984,76523
OH,M,1985,77077
OH,M,1986,75481
OH,M,1987,76263
OH,M,1988,76898
OH,M,1989,78086
OH,M,1990,79788
OH,M,1991,79611
OH,M,1992,76958
OH,M,1993,74772
OH,M,1994,73473
OH,M,1995,71885
OH,M,1996,70305
OH,M,1997,70003
OH,M,1998,69946
OH,M,1999,69346
OH,M,2000,70471
OH,M,2001,68143
OH,M,2002,66906
OH,M,2003,67010
OH,M,2004,66534
OH,M,2005,65453
OH,M,2006,66342
OH,M,2007,65654
OH,M,2008,64351
OH,M,2009,62581
OH,M,2010,60430
OH,M,2011,59568
OH,M,2012,59647
OH,M,2013,59518
OH,M,2014,60157
OH,M,2015,60104
OH,M,2016,59154
OH,M,2017,58093
OH,M,2018,57012
OH,M,2019,56021
OK,F,1961,20841
OK,F,1962,20619
OK,F,1963,20135
OK,F,1964,18912
OK,F,1965,17023
OK,F,1966,15631
OK,F,1967,15587
OK,F,1968,15983
OK,F,1969,16658
OK,F,1970,17614
OK,F,1971,17645
OK,F,1972,16305
OK,F,1973,15382
OK,F,1974,15844
OK,F,1975,15946
OK,F,1976,16041
OK,F,1977,16915
OK,F,1978,17003
OK,F,1979,18518
OK,F,1980,19300
OK,F,1981,20102
OK,F,1982,22570
OK,F,1983,21821
OK,F,1984,20669
OK,F,1985,20121
OK,F,1986,18780
OK,F,1987,17920
OK,F,1988,17400
OK,F,1989,17241
OK,F,1990,17448
OK,F,1991,17059
OK,F,1992,17192
OK,F,1993,16438
OK,F,1994,16187
OK,F,1995,15676
OK,F,1996,15971
OK,F,1997,16808
OK,F,1998,16907
OK,F,1999,16679
OK,F,2000,16776
OK,F,2001,16720
OK,F,2002,16610
OK,F,2003,16631
OK,F,2004,16845
OK,F,2005,16666
OK,F,2006,17488
OK,F,2007,17779
OK,F,2008,17402
OK,F,2009,17162
OK,F,2010,16875
OK,F,2011,16340
OK,F,2012,16434
OK,F,2013,16588
OK,F,2014,16794
OK,F,2015,16782
OK,F,2016,16714
OK,F,2017,15634
OK,F,2018,15514
OK,F,2019,15150
OK,M,1961,23525
OK,M,1962,23554
OK,M,1963,22542
OK,M,1964,21573
OK,M,1965,19296
OK,M,1966,18014
OK,M,1967,17907
OK,M,1968,18311
OK,M,1969,19354
OK,M,1970,20233
OK,M,1971,20235
OK,M,1972,18911
OK,M,1973,18168
OK,M,1974,18613
OK,M,1975,18674
OK,M,1976,19114
OK,M,1977,19863
OK,M,1978,19864
OK,M,1979,21351
OK,M,1980,22968
OK,M,1981,23551
OK,M,1982,25845
OK,M,1983,25042
OK,M,1984,24089
OK,M,1985,23593
OK,M,1986,22484
OK,M,1987,20777
OK,M,1988,20728
OK,M,1989,20549
OK,M,1990,20529
OK,M,1991,20675
OK,M,1992,20330
OK,M,1993,19502
OK,M,1994,19270
OK,M,1995,19433
OK,M,1996,19064
OK,M,1997,20108
OK,M,1998,20656
OK,M,1999,20226
OK,M,2000,20608
OK,M,2001,20305
OK,M,2002,20602
OK,M,2003,20798
OK,M,2004,20670
OK,M,2005,20608
OK,M,2006,21531
OK,M,2007,21762
OK,M,2008,21399
OK,M,2009,21429
OK,M,2010,20558
OK,M,2011,20301
OK,M,2012,20222
OK,M,2013,21080
OK,M,2014,20577
OK,M,2015,20690
OK,M,2016,20180
OK,M,2017,19235
OK,M,2018,18668
OK,M,2019,18137
OR,F,1961,15564
OR,F,1962,15400
OR,F,1963,14366
OR,F,1964,13717
OR,F,1965,13461
OR,F,1966,13259
OR,F,1967,12788
OR,F,1968,13105
OR,F,1969,13787
OR,F,1970,14366
OR,F,1971,13355
OR,F,1972,12636
OR,F,1973,12323
OR,F,1974,13041
OR,F,1975,13072
OR,F,1976,13791
OR,F,1977,14730
OR,F,1978,15447
OR,F,1979,16796
OR,F,1980,17311
OR,F,1981,16970
OR,F,1982,16345
OR,F,1983,15977
OR,F,1984,15656
OR,F,1985,15646
OR,F,1986,15361
OR,F,1987,15315
OR,F,1988,15688
OR,F,1989,16065
OR,F,1990,16782
OR,F,1991,16854
OR,F,1992,16256
OR,F,1993,15965
OR,F,1994,16025
OR,F,1995,16245
OR,F,1996,16652
OR,F,1997,16139
OR,F,1998,16437
OR,F,1999,16310
OR,F,2000,16463
OR,F,2001,15939
OR,F,2002,16026
OR,F,2003,16230
OR,F,2004,15897
OR,F,2005,15890
OR,F,2006,16486
OR,F,2007,16762
OR,F,2008,16583
OR,F,2009,15628
OR,F,2010,15070
OR,F,2011,14831
OR,F,2012,14830
OR,F,2013,15006
OR,F,2014,15457
OR,F,2015,15193
OR,F,2016,15181
OR,F,2017,14477
OR,F,2018,13957
OR,F,2019,13720
OR,M,1961,17572
OR,M,1962,17193
OR,M,1963,16258
OR,M,1964,15534
OR,M,1965,15400
OR,M,1966,14977
OR,M,1967,14789
OR,M,1968,14941
OR,M,1969,15742
OR,M,1970,16603
OR,M,1971,15660
OR,M,1972,14537
OR,M,1973,14329
OR,M,1974,14988
OR,M,1975,15755
OR,M,1976,16213
OR,M,1977,17524
OR,M,1978,18130
OR,M,1979,19395
OR,M,1980,19866
OR,M,1981,20098
OR,M,1982,19135
OR,M,1983,18411
OR,M,1984,18708
OR,M,1985,18204
OR,M,1986,17982
OR,M,1987,17751
OR,M,1988,18350
OR,M,1989,19455
OR,M,1990,20211
OR,M,1991,19682
OR,M,1992,19435
OR,M,1993,19231
OR,M,1994,19140
OR,M,1995,19303
OR,M,1996,19662
OR,M,1997,19346
OR,M,1998,19984
OR,M,1999,19797
OR,M,2000,19776
OR,M,2001,19411
OR,M,2002,19297
OR,M,2003,19624
OR,M,2004,19336
OR,M,2005,19434
OR,M,2006,20348
OR,M,2007,20430
OR,M,2008,20122
OR,M,2009,19310
OR,M,2010,18309
OR,M,2011,18171
OR,M,2012,18058
OR,M,2013,17964
OR,M,2014,18331
OR,M,2015,18113
OR,M,2016,18350
OR,M,2017,17334
OR,M,2018,16572
OR,M,2019,16312
PA,F,1961,110996
PA,F,1962,104360
PA,F,1963,101792
PA,F,1964,100011
PA,F,1965,92986
PA,F,1966,89527
PA,F,1967,85400
PA,F,1968,84215
PA,F,1969,83714
PA,F,1970,85943
PA,F,1971,80340
PA,F,1972,72119
PA,F,1973,67563
PA,F,1974,66836
PA,F,1975,65057
PA,F,1976,64414
PA,F,1977,66402
PA,F,1978,65998
PA,F,1979,68431
PA,F,1980,68963
PA,F,1981,69346
PA,F,1982,69902
PA,F,1983,67955
PA,F,1984,68044
PA,F,1985,69137
PA,F,1986,68728
PA,F,1987,69212
PA,F,1988,69905
PA,F,1989,71828
PA,F,1990,72587
PA,F,1991,71001
PA,F,1992,68452
PA,F,1993,66202
PA,F,1994,64920
PA,F,1995,62337
PA,F,1996,60536
PA,F,1997,58252
PA,F,1998,58284
PA,F,1999,57906
PA,F,2000,58033
PA,F,2001,55957
PA,F,2002,55215
PA,F,2003,56468
PA,F,2004,55372
PA,F,2005,54805
PA,F,2006,55304
PA,F,2007,56103
PA,F,2008,55279
PA,F,2009,54546
PA,F,2010,52858
PA,F,2011,52763
PA,F,2012,52667
PA,F,2013,51996
PA,F,2014,53094
PA,F,2015,52662
PA,F,2016,51698
PA,F,2017,51002
PA,F,2018,50070
PA,F,2019,49555
PA,M,1961,117996
PA,M,1962,110953
PA,M,1963,109100
PA,M,1964,107228
PA,M,1965,100497
PA,M,1966,95536
PA,M,1967,92168
PA,M,1968,90616
PA,M,1969,90613
PA,M,1970,94006
PA,M,1971,88421
PA,M,1972,79220
PA,M,1973,74114
PA,M,1974,73360
PA,M,1975,71757
PA,M,1976,71565
PA,M,1977,74207
PA,M,1978,73405
PA,M,1979,76109
PA,M,1980,76644
PA,M,1981,77442
PA,M,1982,78076
PA,M,1983,76668
PA,M,1984,75781
PA,M,1985,77055
PA,M,1986,77200
PA,M,1987,77578
PA,M,1988,79086
PA,M,1989,81391
PA,M,1990,82236
PA,M,1991,80224
PA,M,1992,77842
PA,M,1993,75732
PA,M,1994,73348
PA,M,1995,70864
PA,M,1996,68321
PA,M,1997,65972
PA,M,1998,66700
PA,M,1999,66031
PA,M,2000,65718
PA,M,2001,64134
PA,M,2002,63349
PA,M,2003,64148
PA,M,2004,63380
PA,M,2005,63738
PA,M,2006,64455
PA,M,2007,64615
PA,M,2008,63816
PA,M,2009,62074
PA,M,2010,60942
PA,M,2011,60795
PA,M,2012,60141
PA,M,2013,59654
PA,M,2014,60667
PA,M,2015,59693
PA,M,2016,59078
PA,M,2017,58029
PA,M,2018,56997
PA,M,2019,55509
RI,F,1961,8234
RI,F,1962,7829
RI,F,1963,7747
RI,F,1964,7586
RI,F,1965,7304
RI,F,1966,6973
RI,F,1967,6700
RI,F,1968,6390
RI,F,1969,6369
RI,F,1970,6405
RI,F,1971,5980
RI,F,1972,5183
RI,F,1973,4679
RI,F,1974,4458
RI,F,1975,3944
RI,F,1976,4074
RI,F,1977,4417
RI,F,1978,4305
RI,F,1979,4471
RI,F,1980,4544
RI,F,1981,4448
RI,F,1982,4708
RI,F,1983,4739
RI,F,1984,4656
RI,F,1985,4811
RI,F,1986,5061
RI,F,1987,5224
RI,F,1988,5193
RI,F,1989,5355
RI,F,1990,5524
RI,F,1991,5263
RI,F,1992,5231
RI,F,1993,4988
RI,F,1994,4753
RI,F,1995,4562
RI,F,1996,4268
RI,F,1997,4182
RI,F,1998,4142
RI,F,1999,4150
RI,F,2000,3799
RI,F,2001,3978
RI,F,2002,3909
RI,F,2003,3899
RI,F,2004,3932
RI,F,2005,3748
RI,F,2006,3545
RI,F,2007,3448
RI,F,2008,3243
RI,F,2009,3062
RI,F,2010,2997
RI,F,2011,2913
RI,F,2012,2968
RI,F,2013,2899
RI,F,2014,2886
RI,F,2015,2934
RI,F,2016,2830
RI,F,2017,2813
RI,F,2018,2767
RI,F,2019,2651
RI,M,1961,8984
RI,M,1962,8702
RI,M,1963,8508
RI,M,1964,8660
RI,M,1965,8320
RI,M,1966,7687
RI,M,1967,7573
RI,M,1968,7115
RI,M,1969,7310
RI,M,1970,7424
RI,M,1971,6732
RI,M,1972,6038
RI,M,1973,5594
RI,M,1974,5075
RI,M,1975,4873
RI,M,1976,4900
RI,M,1977,5265
RI,M,1978,5129
RI,M,1979,5304
RI,M,1980,5514
RI,M,1981,5713
RI,M,1982,5601
RI,M,1983,5704
RI,M,1984,5804
RI,M,1985,5952
RI,M,1986,5973
RI,M,1987,6219
RI,M,1988,6310
RI,M,1989,6553
RI,M,1990,6657
RI,M,1991,6542
RI,M,1992,6406
RI,M,1993,6125
RI,M,1994,5929
RI,M,1995,5605
RI,M,1996,5535
RI,M,1997,5230
RI,M,1998,5389
RI,M,1999,5121
RI,M,2000,5268
RI,M,2001,5056
RI,M,2002,5185
RI,M,2003,5251
RI,M,2004,5037
RI,M,2005,4953
RI,M,2006,4837
RI,M,2007,4774
RI,M,2008,4499
RI,M,2009,4224
RI,M,2010,4033
RI,M,2011,4024
RI,M,2012,3931
RI,M,2013,3876
RI,M,2014,3854
RI,M,2015,3827
RI,M,2016,3897
RI,M,2017,3549
RI,M,2018,3503
RI,M,2019,3320
SC,F,1961,25941
SC,F,1962,25375
SC,F,1963,24712
SC,F,1964,24065
SC,F,1965,22525
SC,F,1966,21228
SC,F,1967,20492
SC,F,1968,20315
SC,F,1969,20181
SC,F,1970,20562
SC,F,1971,20741
SC,F,1972,19202
SC,F,1973,18379
SC,F,1974,17547
SC,F,1975,16576
SC,F,1976,16913
SC,F,1977,17551
SC,F,1978,17052
SC,F,1979,17247
SC,F,1980,17906
SC,F,1981,17943
SC,F,1982,17904
SC,F,1983,17766
SC,F,1984,17637
SC,F,1985,17835
SC,F,1986,17713
SC,F,1987,18167
SC,F,1988,18741
SC,F,1989,19797
SC,F,1990,20032
SC,F,1991,19274
SC,F,1992,18883
SC,F,1993,17584
SC,F,1994,16580
SC,F,1995,16365
SC,F,1996,16249
SC,F,1997,16102
SC,F,1998,16784
SC,F,1999,16966
SC,F,2000,16907
SC,F,2001,16785
SC,F,2002,16500
SC,F,2003,16955
SC,F,2004,17117
SC,F,2005,17439
SC,F,2006,18940
SC,F,2007,18941
SC,F,2008,19183
SC,F,2009,18542
SC,F,2010,17662
SC,F,2011,17442
SC,F,2012,17389
SC,F,2013,17491
SC,F,2014,18227
SC,F,2015,18335
SC,F,2016,17813
SC,F,2017,17693
SC,F,2018,17602
SC,F,2019,17496
SC,M,1961,28360
SC,M,1962,27221
SC,M,1963,26938
SC,M,1964,26559
SC,M,1965,24055
SC,M,1966,23130
SC,M,1967,22643
SC,M,1968,22383
SC,M,1969,22670
SC,M,1970,23357
SC,M,1971,23418
SC,M,1972,21778
SC,M,1973,21330
SC,M,1974,20828
SC,M,1975,19815
SC,M,1976,19947
SC,M,1977,20695
SC,M,1978,20485
SC,M,1979,21074
SC,M,1980,21514
SC,M,1981,21132
SC,M,1982,21048
SC,M,1983,20751
SC,M,1984,20591
SC,M,1985,21369
SC,M,1986,21081
SC,M,1987,21431
SC,M,1988,22473
SC,M,1989,23586
SC,M,1990,24272
SC,M,1991,23253
SC,M,1992,22564
SC,M,1993,21588
SC,M,1994,20656
SC,M,1995,19935
SC,M,1996,19643
SC,M,1997,20174
SC,M,1998,20531
SC,M,1999,20562
SC,M,2000,20893
SC,M,2001,20559
SC,M,2002,20083
SC,M,2003,20567
SC,M,2004,20956
SC,M,2005,21191
SC,M,2006,22650
SC,M,2007,22947
SC,M,2008,22981
SC,M,2009,21679
SC,M,2010,21023
SC,M,2011,21020
SC,M,2012,20871
SC,M,2013,21171
SC,M,2014,21413
SC,M,2015,21457
SC,M,2016,21140
SC,M,2017,20898
SC,M,2018,20773
SC,M,2019,20428
SD,F,1961,7069
SD,F,1962,6700
SD,F,1963,6526
SD,F,1964,6252
SD,F,1965,5141
SD,F,1966,4731
SD,F,1967,4310
SD,F,1968,4063
SD,F,1969,4164
SD,F,1970,4279
SD,F,1971,4180
SD,F,1972,3824
SD,F,1973,3745
SD,F,1974,3943
SD,F,1975,3924
SD,F,1976,4126
SD,F,1977,4296
SD,F,1978,4246
SD,F,1979,4700
SD,F,1980,4676
SD,F,1981,4489
SD,F,1982,4742
SD,F,1983,4414
SD,F,1984,4370
SD,F,1985,4133
SD,F,1986,4058
SD,F,1987,4057
SD,F,1988,3724
SD,F,1989,3671
SD,F,1990,3670
SD,F,1991,3579
SD,F,1992,3671
SD,F,1993,3359
SD,F,1994,3284
SD,F,1995,3274
SD,F,1996,3092
SD,F,1997,3041
SD,F,1998,2907
SD,F,1999,3042
SD,F,2000,2875
SD,F,2001,3042
SD,F,2002,2949
SD,F,2003,3199
SD,F,2004,3039
SD,F,2005,3215
SD,F,2006,3179
SD,F,2007,3251
SD,F,2008,3130
SD,F,2009,3027
SD,F,2010,3019
SD,F,2011,3030
SD,F,2012,2981
SD,F,2013,3142
SD,F,2014,3138
SD,F,2015,3047
SD,F,2016,3087
SD,F,2017,3072
SD,F,2018,3051
SD,F,2019,2872
SD,M,1961,7748
SD,M,1962,7700
SD,M,1963,7375
SD,M,1964,6757
SD,M,1965,6074
SD,M,1966,5334
SD,M,1967,4728
SD,M,1968,4840
SD,M,1969,4840
SD,M,1970,5080
SD,M,1971,4864
SD,M,1972,4448
SD,M,1973,4397
SD,M,1974,4621
SD,M,1975,4728
SD,M,1976,4857
SD,M,1977,5049
SD,M,1978,5241
SD,M,1979,5319
SD,M,1980,5676
SD,M,1981,5425
SD,M,1982,5352
SD,M,1983,5313
SD,M,1984,5246
SD,M,1985,5117
SD,M,1986,4777
SD,M,1987,4737
SD,M,1988,4704
SD,M,1989,4681
SD,M,1990,4572
SD,M,1991,4550
SD,M,1992,4483
SD,M,1993,4394
SD,M,1994,4381
SD,M,1995,4145
SD,M,1996,4165
SD,M,1997,3877
SD,M,1998,3976
SD,M,1999,4059
SD,M,2000,3893
SD,M,2001,3847
SD,M,2002,3952
SD,M,2003,4038
SD,M,2004,4231
SD,M,2005,4173
SD,M,2006,4232
SD,M,2007,4285
SD,M,2008,4165
SD,M,2009,4116
SD,M,2010,3971
SD,M,2011,3973
SD,M,2012,4073
SD,M,2013,4118
SD,M,2014,4198
SD,M,2015,4176
SD,M,2016,4068
SD,M,2017,3919
SD,M,2018,3777
SD,M,2019,3738
TN,F,1961,36194
TN,F,1962,35603
TN,F,1963,34743
TN,F,1964,34838
TN,F,1965,32007
TN,F,1966,30330
TN,F,1967,29917
TN,F,1968,29160
TN,F,1969,30396
TN,F,1970,31495
TN,F,1971,31113
TN,F,1972,28302
TN,F,1973,27440
TN,F,1974,27491
TN,F,1975,26435
TN,F,1976,26173
TN,F,1977,28047
TN,F,1978,27864
TN,F,1979,28488
TN,F,1980,28429
TN,F,1981,27892
TN,F,1982,28058
TN,F,1983,27582
TN,F,1984,27443
TN,F,1985,27772
TN,F,1986,27550
TN,F,1987,28217
TN,F,1988,28930
TN,F,1989,29780
TN,F,1990,30184
TN,F,1991,30413
TN,F,1992,29749
TN,F,1993,29222
TN,F,1994,29214
TN,F,1995,29297
TN,F,1996,29608
TN,F,1997,29400
TN,F,1998,30525
TN,F,1999,30618
TN,F,2000,31152
TN,F,2001,30161
TN,F,2002,30009
TN,F,2003,30393
TN,F,2004,30441
TN,F,2005,31053
TN,F,2006,31746
TN,F,2007,32501
TN,F,2008,32139
TN,F,2009,30471
TN,F,2010,29246
TN,F,2011,29529
TN,F,2012,29791
TN,F,2013,29635
TN,F,2014,31020
TN,F,2015,31026
TN,F,2016,30898
TN,F,2017,30430
TN,F,2018,30978
TN,F,2019,30318
TN,M,1961,39384
TN,M,1962,38732
TN,M,1963,38121
TN,M,1964,38375
TN,M,1965,34988
TN,M,1966,33438
TN,M,1967,32770
TN,M,1968,32600
TN,M,1969,34075
TN,M,1970,35333
TN,M,1971,34584
TN,M,1972,32122
TN,M,1973,31329
TN,M,1974,31231
TN,M,1975,30109
TN,M,1976,29782
TN,M,1977,31916
TN,M,1978,31937
TN,M,1979,32867
TN,M,1980,33537
TN,M,1981,32388
TN,M,1982,32609
TN,M,1983,31844
TN,M,1984,31395
TN,M,1985,32238
TN,M,1986,31312
TN,M,1987,32229
TN,M,1988,33845
TN,M,1989,34637
TN,M,1990,35612
TN,M,1991,35350
TN,M,1992,35163
TN,M,1993,34444
TN,M,1994,34595
TN,M,1995,34522
TN,M,1996,34372
TN,M,1997,34662
TN,M,1998,36029
TN,M,1999,36141
TN,M,2000,36527
TN,M,2001,35746
TN,M,2002,34940
TN,M,2003,35654
TN,M,2004,35897
TN,M,2005,36813
TN,M,2006,37432
TN,M,2007,38572
TN,M,2008,37649
TN,M,2009,36258
TN,M,2010,35087
TN,M,2011,34763
TN,M,2012,35657
TN,M,2013,35465
TN,M,2014,36137
TN,M,2015,36389
TN,M,2016,36054
TN,M,2017,36083
TN,M,2018,35275
TN,M,2019,34837
TX,F,1961,111756
TX,F,1962,110541
TX,F,1963,107193
TX,F,1964,104283
TX,F,1965,95908
TX,F,1966,91895
TX,F,1967,91959
TX,F,1968,93908
TX,F,1969,100544
TX,F,1970,104200
TX,F,1971,103864
TX,F,1972,96352
TX,F,1973,94375
TX,F,1974,95461
TX,F,1975,95697
TX,F,1976,96704
TX,F,1977,100475
TX,F,1978,103391
TX,F,1979,111106
TX,F,1980,119880
TX,F,1981,123721
TX,F,1982,129919
TX,F,1983,128288
TX,F,1984,130410
TX,F,1985,133339
TX,F,1986,131639
TX,F,1987,128832
TX,F,1988,128270
TX,F,1989,133361
TX,F,1990,137565
TX,F,1991,136383
TX,F,1992,137555
TX,F,1993,137009
TX,F,1994,135960
TX,F,1995,136441
TX,F,1996,139526
TX,F,1997,139877
TX,F,1998,143427
TX,F,1999,147206
TX,F,2000,153159
TX,F,2001,153206
TX,F,2002,155932
TX,F,2003,158045
TX,F,2004,159237
TX,F,2005,160543
TX,F,2006,166085
TX,F,2007,169070
TX,F,2008,167607
TX,F,2009,166534
TX,F,2010,159505
TX,F,2011,155711
TX,F,2012,158110
TX,F,2013,160766
TX,F,2014,166527
TX,F,2015,169404
TX,F,2016,166890
TX,F,2017,159394
TX,F,2018,158299
TX,F,2019,157480
TX,M,1961,119541
TX,M,1962,119371
TX,M,1963,115369
TX,M,1964,112631
TX,M,1965,103737
TX,M,1966,100321
TX,M,1967,100135
TX,M,1968,102440
TX,M,1969,109249
TX,M,1970,114619
TX,M,1971,114101
TX,M,1972,106473
TX,M,1973,104805
TX,M,1974,105751
TX,M,1975,107145
TX,M,1976,107659
TX,M,1977,112214
TX,M,1978,115197
TX,M,1979,123381
TX,M,1980,133468
TX,M,1981,137788
TX,M,1982,144204
TX,M,1983,142152
TX,M,1984,142806
TX,M,1985,147141
TX,M,1986,146284
TX,M,1987,143378
TX,M,1988,144034
TX,M,1989,148066
TX,M,1990,153164
TX,M,1991,153200
TX,M,1992,153201
TX,M,1993,153027
TX,M,1994,153110
TX,M,1995,153066
TX,M,1996,155819
TX,M,1997,157042
TX,M,1998,160587
TX,M,1999,164632
TX,M,2000,171396
TX,M,2001,171907
TX,M,2002,174536
TX,M,2003,176664
TX,M,2004,179101
TX,M,2005,181037
TX,M,2006,186238
TX,M,2007,190250
TX,M,2008,189082
TX,M,2009,186323
TX,M,2010,178483
TX,M,2011,174889
TX,M,2012,177468
TX,M,2013,179995
TX,M,2014,186299
TX,M,2015,187723
TX,M,2016,184795
TX,M,2017,175650
TX,M,2018,174187
TX,M,2019,173264
UT,F,1961,10594
UT,F,1962,10554
UT,F,1963,9930
UT,F,1964,9407
UT,F,1965,8634
UT,F,1966,8820
UT,F,1967,8950
UT,F,1968,9030
UT,F,1969,9396
UT,F,1970,10512
UT,F,1971,10789
UT,F,1972,10536
UT,F,1973,10856
UT,F,1974,11717
UT,F,1975,12348
UT,F,1976,13821
UT,F,1977,14697
UT,F,1978,15166
UT,F,1979,16070
UT,F,1980,16454
UT,F,1981,16135
UT,F,1982,16401
UT,F,1983,15417
UT,F,1984,14934
UT,F,1985,14349
UT,F,1986,13969
UT,F,1987,13393
UT,F,1988,13575
UT,F,1989,13443
UT,F,1990,13550
UT,F,1991,13287
UT,F,1992,13804
UT,F,1993,13525
UT,F,1994,13904
UT,F,1995,14795
UT,F,1996,15231
UT,F,1997,15582
UT,F,1998,16518
UT,F,1999,16605
UT,F,2000,17040
UT,F,2001,17340
UT,F,2002,17594
UT,F,2003,18057
UT,F,2004,18255
UT,F,2005,18393
UT,F,2006,18858
UT,F,2007,19605
UT,F,2008,19757
UT,F,2009,19025
UT,F,2010,18145
UT,F,2011,17941
UT,F,2012,17867
UT,F,2013,17634
UT,F,2014,18074
UT,F,2015,17773
UT,F,2016,17997
UT,F,2017,17008
UT,F,2018,16626
UT,F,2019,16638
UT,M,1961,12171
UT,M,1962,12055
UT,M,1963,11348
UT,M,1964,10879
UT,M,1965,10121
UT,M,1966,10337
UT,M,1967,10395
UT,M,1968,10463
UT,M,1969,11057
UT,M,1970,12337
UT,M,1971,12521
UT,M,1972,12128
UT,M,1973,12749
UT,M,1974,13675
UT,M,1975,14465
UT,M,1976,16409
UT,M,1977,17556
UT,M,1978,17885
UT,M,1979,19020
UT,M,1980,19332
UT,M,1981,19019
UT,M,1982,19211
UT,M,1983,18219
UT,M,1984,17619
UT,M,1985,17013
UT,M,1986,16515
UT,M,1987,15848
UT,M,1988,16251
UT,M,1989,16562
UT,M,1990,16647
UT,M,1991,16543
UT,M,1992,16684
UT,M,1993,16877
UT,M,1994,17402
UT,M,1995,17533
UT,M,1996,18934
UT,M,1997,19121
UT,M,1998,19690
UT,M,1999,20605
UT,M,2000,20940
UT,M,2001,21203
UT,M,2002,21468
UT,M,2003,21659
UT,M,2004,21987
UT,M,2005,22366
UT,M,2006,23270
UT,M,2007,23780
UT,M,2008,23698
UT,M,2009,22962
UT,M,2010,22053
UT,M,2011,21376
UT,M,2012,21632
UT,M,2013,21563
UT,M,2014,21490
UT,M,2015,21195
UT,M,2016,20925
UT,M,2017,20266
UT,M,2018,19416
UT,M,2019,19151
VA,F,1961,40158
VA,F,1962,40231
VA,F,1963,39788
VA,F,1964,39849
VA,F,1965,36488
VA,F,1966,34276
VA,F,1967,33482
VA,F,1968,32963
VA,F,1969,33378
VA,F,1970,34406
VA,F,1971,33064
VA,F,1972,29612
VA,F,1973,28083
VA,F,1974,27759
VA,F,1975,27067
VA,F,1976,26905
VA,F,1977,28193
VA,F,1978,27851
VA,F,1979,29200
VA,F,1980,29826
VA,F,1981,30062
VA,F,1982,30801
VA,F,1983,30780
VA,F,1984,31371
VA,F,1985,32940
VA,F,1986,33734
VA,F,1987,34741
VA,F,1988,35868
VA,F,1989,37109
VA,F,1990,37779
VA,F,1991,36886
VA,F,1992,36494
VA,F,1993,35232
VA,F,1994,35257
VA,F,1995,34083
VA,F,1996,34134
VA,F,1997,33246
VA,F,1998,33898
VA,F,1999,34350
VA,F,2000,35523
VA,F,2001,35098
VA,F,2002,35652
VA,F,2003,36025
VA,F,2004,36981
VA,F,2005,37096
VA,F,2006,37853
VA,F,2007,38456
VA,F,2008,37598
VA,F,2009,36682
VA,F,2010,35630
VA,F,2011,36027
VA,F,2012,36354
VA,F,2013,36240
VA,F,2014,37284
VA,F,2015,37434
VA,F,2016,37092
VA,F,2017,35954
VA,F,2018,35845
VA,F,2019,34909
VA,M,1961,43247
VA,M,1962,43247
VA,M,1963,43160
VA,M,1964,42814
VA,M,1965,39015
VA,M,1966,37054
VA,M,1967,36337
VA,M,1968,36463
VA,M,1969,36953
VA,M,1970,38251
VA,M,1971,36719
VA,M,1972,33412
VA,M,1973,31614
VA,M,1974,31362
VA,M,1975,30885
VA,M,1976,30560
VA,M,1977,32595
VA,M,1978,32064
VA,M,1979,33313
VA,M,1980,33912
VA,M,1981,34593
VA,M,1982,35274
VA,M,1983,34972
VA,M,1984,35933
VA,M,1985,37800
VA,M,1986,37816
VA,M,1987,39418
VA,M,1988,40109
VA,M,1989,41855
VA,M,1990,43331
VA,M,1991,42070
VA,M,1992,42036
VA,M,1993,41070
VA,M,1994,40976
VA,M,1995,39858
VA,M,1996,39000
VA,M,1997,38594
VA,M,1998,39674
VA,M,1999,39835
VA,M,2000,41024
VA,M,2001,40780
VA,M,2002,40482
VA,M,2003,41449
VA,M,2004,42659
VA,M,2005,43057
VA,M,2006,43946
VA,M,2007,44292
VA,M,2008,42950
VA,M,2009,42135
VA,M,2010,41538
VA,M,2011,41270
VA,M,2012,41788
VA,M,2013,41693
VA,M,2014,42271
VA,M,2015,42369
VA,M,2016,41564
VA,M,2017,40665
VA,M,2018,40639
VA,M,2019,39169
VT,F,1961,3500
VT,F,1962,3397
VT,F,1963,3268
VT,F,1964,3228
VT,F,1965,2945
VT,F,1966,2841
VT,F,1967,2698
VT,F,1968,2706
VT,F,1969,2852
VT,F,1970,2931
VT,F,1971,2816
VT,F,1972,2491
VT,F,1973,2259
VT,F,1974,2204
VT,F,1975,2199
VT,F,1976,2094
VT,F,1977,2332
VT,F,1978,2459
VT,F,1979,2469
VT,F,1980,2649
VT,F,1981,2640
VT,F,1982,2779
VT,F,1983,2731
VT,F,1984,2761
VT,F,1985,2718
VT,F,1986,2717
VT,F,1987,2669
VT,F,1988,2618
VT,F,1989,2744
VT,F,1990,2665
VT,F,1991,2499
VT,F,1992,2383
VT,F,1993,2268
VT,F,1994,2284
VT,F,1995,1976
VT,F,1996,1910
VT,F,1997,1826
VT,F,1998,1932
VT,F,1999,1785
VT,F,2000,1738
VT,F,2001,1684
VT,F,2002,1605
VT,F,2003,1608
VT,F,2004,1593
VT,F,2005,1583
VT,F,2006,1472
VT,F,2007,1556
VT,F,2008,1411
VT,F,2009,1274
VT,F,2010,1246
VT,F,2011,1285
VT,F,2012,1166
VT,F,2013,1246
VT,F,2014,1304
VT,F,2015,1209
VT,F,2016,1122
VT,F,2017,1121
VT,F,2018,1102
VT,F,2019,1016
VT,M,1961,3928
VT,M,1962,3850
VT,M,1963,3733
VT,M,1964,3674
VT,M,1965,3395
VT,M,1966,3270
VT,M,1967,3268
VT,M,1968,3113
VT,M,1969,3277
VT,M,1970,3535
VT,M,1971,3299
VT,M,1972,2981
VT,M,1973,2675
VT,M,1974,2653
VT,M,1975,2699
VT,M,1976,2701
VT,M,1977,2756
VT,M,1978,2816
VT,M,1979,3073
VT,M,1980,3237
VT,M,1981,3209
VT,M,1982,3200
VT,M,1983,3293
VT,M,1984,3275
VT,M,1985,3320
VT,M,1986,3317
VT,M,1987,3297
VT,M,1988,3298
VT,M,1989,3424
VT,M,1990,3351
VT,M,1991,3151
VT,M,1992,3012
VT,M,1993,2911
VT,M,1994,2828
VT,M,1995,2576
VT,M,1996,2551
VT,M,1997,2446
VT,M,1998,2350
VT,M,1999,2368
VT,M,2000,2361
VT,M,2001,2274
VT,M,2002,2260
VT,M,2003,2291
VT,M,2004,2262
VT,M,2005,2191
VT,M,2006,2090
VT,M,2007,2020
VT,M,2008,1940
VT,M,2009,1917
VT,M,2010,1845
VT,M,2011,1742
VT,M,2012,1777
VT,M,2013,1811
VT,M,2014,1810
VT,M,2015,1691
VT,M,2016,1650
VT,M,2017,1526
VT,M,2018,1468
VT,M,2019,1465
WA,F,1961,27803
WA,F,1962,27743
WA,F,1963,25601
WA,F,1964,24015
WA,F,1965,22164
WA,F,1966,21378
WA,F,1967,22651
WA,F,1968,23503
WA,F,1969,24315
WA,F,1970,24627
WA,F,1971,22340
WA,F,1972,19189
WA,F,1973,18786
WA,F,1974,19644
WA,F,1975,19865
WA,F,1976,20846
WA,F,1977,22774
WA,F,1978,22955
WA,F,1979,25327
WA,F,1980,26840
WA,F,1981,27607
WA,F,1982,27513
WA,F,1983,27271
WA,F,1984,26859
WA,F,1985,27636
WA,F,1986,27195
WA,F,1987,27189
WA,F,1988,27903
WA,F,1989,29486
WA,F,1990,30902
WA,F,1991,30941
WA,F,1992,30777
WA,F,1993,29726
WA,F,1994,28889
WA,F,1995,28603
WA,F,1996,28537
WA,F,1997,28631
WA,F,1998,29229
WA,F,1999,29214
WA,F,2000,29361
WA,F,2001,28726
WA,F,2002,28412
WA,F,2003,28856
WA,F,2004,28775
WA,F,2005,29348
WA,F,2006,30624
WA,F,2007,31279
WA,F,2008,32118
WA,F,2009,31346
WA,F,2010,30306
WA,F,2011,30191
WA,F,2012,30429
WA,F,2013,29777
WA,F,2014,31375
WA,F,2015,31313
WA,F,2016,32108
WA,F,2017,31008
WA,F,2018,30340
WA,F,2019,29613
WA,M,1961,30760
WA,M,1962,30554
WA,M,1963,28864
WA,M,1964,26724
WA,M,1965,24472
WA,M,1966,24255
WA,M,1967,25569
WA,M,1968,26585
WA,M,1969,27515
WA,M,1970,28181
WA,M,1971,25344
WA,M,1972,21809
WA,M,1973,21463
WA,M,1974,22866
WA,M,1975,23209
WA,M,1976,24181
WA,M,1977,25875
WA,M,1978,26788
WA,M,1979,29658
WA,M,1980,31106
WA,M,1981,31769
WA,M,1982,31632
WA,M,1983,31505
WA,M,1984,31357
WA,M,1985,31509
WA,M,1986,31296
WA,M,1987,31709
WA,M,1988,32592
WA,M,1989,34000
WA,M,1990,35821
WA,M,1991,35983
WA,M,1992,36291
WA,M,1993,34519
WA,M,1994,33718
WA,M,1995,33185
WA,M,1996,33669
WA,M,1997,33713
WA,M,1998,34442
WA,M,1999,34551
WA,M,2000,34705
WA,M,2001,33732
WA,M,2002,33525
WA,M,2003,33798
WA,M,2004,34493
WA,M,2005,34713
WA,M,2006,36328
WA,M,2007,37126
WA,M,2008,37223
WA,M,2009,36949
WA,M,2010,35564
WA,M,2011,35913
WA,M,2012,35891
WA,M,2013,35642
WA,M,2014,36265
WA,M,2015,36737
WA,M,2016,36994
WA,M,2017,35502
WA,M,2018,34440
WA,M,2019,33834
WI,F,1961,44191
WI,F,1962,42334
WI,F,1963,40787
WI,F,1964,39603
WI,F,1965,36635
WI,F,1966,35559
WI,F,1967,33352
WI,F,1968,32559
WI,F,1969,32538
WI,F,1970,33681
WI,F,1971,30907
WI,F,1972,27512
WI,F,1973,26873
WI,F,1974,27469
WI,F,1975,27451
WI,F,1976,27430
WI,F,1977,28984
WI,F,1978,28966
WI,F,1979,30589
WI,F,1980,31492
WI,F,1981,31183
WI,F,1982,31417
WI,F,1983,30489
WI,F,1984,30630
WI,F,1985,30638
WI,F,1986,29661
WI,F,1987,28944
WI,F,1988,28647
WI,F,1989,29295
WI,F,1990,29331
WI,F,1991,28454
WI,F,1992,27675
WI,F,1993,27086
WI,F,1994,26299
WI,F,1995,25980
WI,F,1996,25383
WI,F,1997,25019
WI,F,1998,25194
WI,F,1999,25190
WI,F,2000,25425
WI,F,2001,25183
WI,F,2002,24763
WI,F,2003,25022
WI,F,2004,24745
WI,F,2005,24973
WI,F,2006,25104
WI,F,2007,25435
WI,F,2008,25017
WI,F,2009,24468
WI,F,2010,23433
WI,F,2011,23375
WI,F,2012,22981
WI,F,2013,23007
WI,F,2014,23046
WI,F,2015,23205
WI,F,2016,23244
WI,F,2017,22489
WI,F,2018,22142
WI,F,2019,21609
WI,M,1961,47376
WI,M,1962,45498
WI,M,1963,43950
WI,M,1964,42536
WI,M,1965,39853
WI,M,1966,38308
WI,M,1967,36211
WI,M,1968,35449
WI,M,1969,35348
WI,M,1970,36768
WI,M,1971,33906
WI,M,1972,30402
WI,M,1973,29417
WI,M,1974,30757
WI,M,1975,30875
WI,M,1976,30743
WI,M,1977,32139
WI,M,1978,32138
WI,M,1979,34531
WI,M,1980,35266
WI,M,1981,34639
WI,M,1982,34668
WI,M,1983,33811
WI,M,1984,34006
WI,M,1985,34135
WI,M,1986,33182
WI,M,1987,32398
WI,M,1988,32389
WI,M,1989,33096
WI,M,1990,33287
WI,M,1991,32739
WI,M,1992,31856
WI,M,1993,31132
WI,M,1994,30212
WI,M,1995,29424
WI,M,1996,29273
WI,M,1997,28735
WI,M,1998,28977
WI,M,1999,29246
WI,M,2000,29453
WI,M,2001,28853
WI,M,2002,28715
WI,M,2003,29091
WI,M,2004,29269
WI,M,2005,29202
WI,M,2006,29793
WI,M,2007,29787
WI,M,2008,29295
WI,M,2009,28631
WI,M,2010,27709
WI,M,2011,27280
WI,M,2012,27234
WI,M,2013,27055
WI,M,2014,27326
WI,M,2015,27137
WI,M,2016,26844
WI,M,2017,25917
WI,M,2018,25615
WI,M,2019,24863
WV,F,1961,16806
WV,F,1962,16126
WV,F,1963,15131
WV,F,1964,15239
WV,F,1965,13555
WV,F,1966,12609
WV,F,1967,12330
WV,F,1968,12189
WV,F,1969,11873
WV,F,1970,12804
WV,F,1971,13032
WV,F,1972,12185
WV,F,1973,11383
WV,F,1974,11165
WV,F,1975,11200
WV,F,1976,11586
WV,F,1977,12332
WV,F,1978,11803
WV,F,1979,12180
WV,F,1980,11976
WV,F,1981,11526
WV,F,1982,11309
WV,F,1983,10702
WV,F,1984,9983
WV,F,1985,9824
WV,F,1986,9443
WV,F,1987,9073
WV,F,1988,8661
WV,F,1989,8795
WV,F,1990,8788
WV,F,1991,8765
WV,F,1992,8363
WV,F,1993,8424
WV,F,1994,7915
WV,F,1995,7732
WV,F,1996,7601
WV,F,1997,7334
WV,F,1998,7316
WV,F,1999,7273
WV,F,2000,7271
WV,F,2001,7137
WV,F,2002,7138
WV,F,2003,7213
WV,F,2004,7177
WV,F,2005,6861
WV,F,2006,7003
WV,F,2007,7021
WV,F,2008,6866
WV,F,2009,6755
WV,F,2010,6578
WV,F,2011,6526
WV,F,2012,6573
WV,F,2013,6588
WV,F,2014,6279
WV,F,2015,6282
WV,F,2016,6052
WV,F,2017,5784
WV,F,2018,5534
WV,F,2019,5569
WV,M,1961,18789
WV,M,1962,17699
WV,M,1963,17009
WV,M,1964,17118
WV,M,1965,15051
WV,M,1966,14187
WV,M,1967,13506
WV,M,1968,13735
WV,M,1969,13589
WV,M,1970,14020
WV,M,1971,14445
WV,M,1972,13830
WV,M,1973,13045
WV,M,1974,12809
WV,M,1975,13031
WV,M,1976,13224
WV,M,1977,14267
WV,M,1978,13675
WV,M,1979,13902
WV,M,1980,13977
WV,M,1981,12934
WV,M,1982,12687
WV,M,1983,12413
WV,M,1984,11753
WV,M,1985,11584
WV,M,1986,11112
WV,M,1987,10575
WV,M,1988,10343
WV,M,1989,10260
WV,M,1990,10516
WV,M,1991,10326
WV,M,1992,10268
WV,M,1993,9943
WV,M,1994,9860
WV,M,1995,9469
WV,M,1996,9187
WV,M,1997,9273
WV,M,1998,8910
WV,M,1999,8856
WV,M,2000,9189
WV,M,2001,8751
WV,M,2002,8850
WV,M,2003,9066
WV,M,2004,8913
WV,M,2005,8985
WV,M,2006,8761
WV,M,2007,9005
WV,M,2008,8638
WV,M,2009,8562
WV,M,2010,8034
WV,M,2011,8451
WV,M,2012,8311
WV,M,2013,8332
WV,M,2014,8066
WV,M,2015,8094
WV,M,2016,7737
WV,M,2017,7400
WV,M,2018,7451
WV,M,2019,7198
WY,F,1961,2924
WY,F,1962,2564
WY,F,1963,2505
WY,F,1964,2344
WY,F,1965,2019
WY,F,1966,1716
WY,F,1967,1617
WY,F,1968,1662
WY,F,1969,1674
WY,F,1970,1956
WY,F,1971,1738
WY,F,1972,1737
WY,F,1973,1675
WY,F,1974,1799
WY,F,1975,1907
WY,F,1976,2088
WY,F,1977,2373
WY,F,1978,2440
WY,F,1979,2861
WY,F,1980,3213
WY,F,1981,3292
WY,F,1982,3340
WY,F,1983,3043
WY,F,1984,2919
WY,F,1985,2758
WY,F,1986,2387
WY,F,1987,2010
WY,F,1988,1849
WY,F,1989,1807
WY,F,1990,1685
WY,F,1991,1695
WY,F,1992,1598
WY,F,1993,1543
WY,F,1994,1480
WY,F,1995,1435
WY,F,1996,1347
WY,F,1997,1304
WY,F,1998,1310
WY,F,1999,1198
WY,F,2000,1263
WY,F,2001,1095
WY,F,2002,1238
WY,F,2003,1174
WY,F,2004,1273
WY,F,2005,1318
WY,F,2006,1327
WY,F,2007,1493
WY,F,2008,1418
WY,F,2009,1300
WY,F,2010,1271
WY,F,2011,1146
WY,F,2012,1147
WY,F,2013,1236
WY,F,2014,1222
WY,F,2015,1261
WY,F,2016,1146
WY,F,2017,1050
WY,F,2018,973
WY,F,2019,979
WY,M,1961,3505
WY,M,1962,3274
WY,M,1963,2987
WY,M,1964,2825
WY,M,1965,2546
WY,M,1966,2186
WY,M,1967,2099
WY,M,1968,2198
WY,M,1969,2309
WY,M,1970,2520
WY,M,1971,2337
WY,M,1972,2174
WY,M,1973,2263
WY,M,1974,2427
WY,M,1975,2475
WY,M,1976,2662
WY,M,1977,3044
WY,M,1978,3242
WY,M,1979,3577
WY,M,1980,3933
WY,M,1981,4031
WY,M,1982,4061
WY,M,1983,3901
WY,M,1984,3674
WY,M,1985,3461
WY,M,1986,3116
WY,M,1987,2625
WY,M,1988,2552
WY,M,1989,2428
WY,M,1990,2403
WY,M,1991,2351
WY,M,1992,2287
WY,M,1993,2184
WY,M,1994,2077
WY,M,1995,1982
WY,M,1996,2012
WY,M,1997,1978
WY,M,1998,1926
WY,M,1999,1867
WY,M,2000,1745
WY,M,2001,1799
WY,M,2002,1831
WY,M,2003,2005
WY,M,2004,1817
WY,M,2005,2063
WY,M,2006,2189
WY,M,2007,2119
WY,M,2008,2124
WY,M,2009,2068
WY,M,2010,1905
WY,M,2011,1850
WY,M,2012,1908
WY,M,2013,1969
WY,M,2014,1970
WY,M,2015,2015
WY,M,2016,1738
WY,M,2017,1528
WY,M,2018,1408
WY,M,2019,1383
